Gene	Bnumber	Glucose	LB	Glycerol
rpoC	b3988	2779	7164	2845
rpoB	b3987	3957	8888	3749
acnB	b0118	7596	16600	10792
purL	b2557	2456	821	2068
gltB	b3212	2859	604	2204
aceE	b0114	5815	11820	4067
adhE	b1241	4851	5472	5186
tufA	b3339	252452	443852	191041
metE	b3829	51584	1711	28808
groL	b4143	22739	65887	26358
carB	b0033	4445	411	2852
pflB	b0903	4615	6984	5863
dnaK	b0014	18605	59770	17699
infB	b3168	3047	6788	2827
ilvC	b3774	33338	3422	29065
ppc	b3956	3633	1283	2185
alaS	b2697	1948	3256	1710
fusA	b3340	39027	86623	31225
glyS	b3559	2914	6498	2683
maeB	b2463	469	2473	1134
rpsA	b0911	23797	64900	20402
leuS	b0642	1846	2692	1505
thrA	b0002	5703	2160	4679
sucA	b0726	1706	6084	2752
ileS	b0026	2166	2886	1814
aldA	b1415	3501	11229	16408
secA	b0098	706	1794	622
aspS	b1866	2272	4356	1837
pheT	b1713	5023	7699	4670
valS	b4258	1719	3107	1114
dppA	b3544	4939	2476	9853
aceF	b0115	9057	22341	5649
katG	b3942	2199	2215	3180
gyrA	b2231	750	1873	711
icd	b1136	33670	19445	24591
atpD	b3732	24156	42417	26449
pepN	b0932	1296	2506	1418
pykF	b1676	8902	10333	7111
aceA	b4015	28173	15283	74908
fumA	b1612	1352	6237	2523
putA	b1014	128	1513	134
katE	b1732	1180	761	1863
htpG	b0473	2096	8121	1973
tsf	b0170	19872	44439	15125
ptsI	b2416	10158	5193	4118
argG	b3172	8325	1035	4295
glpK	b3926	496	13194	27858
pta	b2297	1148	2679	1053
tig	b0436	24929	56164	18285
bamA	b0177	2029	3023	1891
pnp	b3164	3171	6269	3275
pgi	b4025	4601	5809	4494
sdhA	b0723	2083	8367	3118
lon	b0439	1139	3411	1235
acs	b4069	995	2346	3967
ppsA	b1702	1158	2394	1851
guaA	b2507	3870	3818	2318
mukB	b0924	199	463	199
yjjK	b4391	2571	4583	2733
gyrB	b3699	842	1700	753
rne	b1084	848	1624	751
thrS	b1719	939	1935	947
pgk	b2926	40039	57863	34333
gdhA	b1761	6343	1137	4152
glyA	b2551	24510	10374	14060
oppA	b1243	5755	6684	4991
ftsZ	b0095	6070	7898	4321
aceB	b4014	4393	2422	8308
nuoG	b2283	934	3781	1467
cysI	b2763	3011	620	2553
polA	b3863	440	912	443
gapA	b1779	47083	48645	32565
purH	b4006	2728	891	2376
tnaA	b3708	613	44379	1045
acnA	b1276	595	975	808
nuoC	b2286	935	3225	1631
glnA	b3870	17828	7286	10251
leuA	b0074	2711	885	3381
aldB	b3588	589	729	1055
dld	b2133	608	449	557
glcB	b2976	282	632	767
gltA	b0720	9671	16361	17601
ahpF	b0606	2435	5161	2320
ompA	b0957	119680	146530	102913
glmS	b3729	4025	5271	3600
proS	b0194	4322	6443	3719
rplB	b3317	14191	39858	12282
nrdA	b2234	560	1236	667
prlC	b3498	1350	2706	1204
iscS	b2530	13683	12757	12342
glpD	b3426	135	3852	5946
atpA	b3734	14552	23968	17975
cysJ	b2764	3317	733	2586
ftsH	b3178	2236	3956	2098
rho	b3783	3243	5934	2583
metK	b2942	12499	7068	6822
guaB	b2508	11237	5909	5556
copA	b0484	2769	632	3977
nusA	b3169	5576	10025	4323
rpoA	b3295	14575	35102	14801
lysS	b2890	2565	4837	1999
metG	b2114	2082	2572	1467
gnd	b2029	14100	17386	8331
mglB	b2150	3223	20143	17497
livJ	b3460	22968	1898	23525
metH	b4019	421	270	316
mdh	b3236	53138	73162	65977
typA	b3871	3013	4316	1647
ydgA	b1614	1215	2257	1205
fhuA	b0150	873	550	889
ppiD	b0441	1057	1678	1343
rnb	b1286	1260	1224	903
glnS	b0680	999	1712	845
fbaA	b2925	20049	23422	15624
cysK	b2414	73308	21811	68900
yeaG	b1783	519	472	705
cysN	b2751	1520	374	1160
prc	b1830	506	621	451
fadB	b3846	173	547	279
pgm	b0688	1344	2354	1511
talB	b0008	10629	15811	11297
pepA	b4260	1076	1675	1171
thrC	b0004	14609	3501	11109
lpdA		12596	30101	10310
yahK	b0325	1474	877	1763
surA	b0053	1554	2548	1299
rnr	b4179	251	439	314
asnS	b0930	5528	5818	3970
serS	b0893	2528	5806	2129
malE	b4034	2142	8460	6138
pyrB	b4245	8888	908	11773
ilvD	b3771	1199	495	710
ydiJ	b1687	231	125	250
cirA	b2155	575	272	474
clpA	b0882	530	1474	503
degP	b0161	3338	2586	3359
lptD	b0054	523	915	363
topA	b1274	355	890	339
argS	b1876	941	1457	653
gltX	b2400	2561	4337	1902
rpsB	b0169	29156	71379	23668
bglX	b2132	157	324	150
gatY	b2096	4939	11402	14000
ptsG	b1101	2775	1617	917
pyrC	b1062	4485	1030	3499
argH	b3960	2883	808	1802
asnB	b0674	1154	828	1192
aspC	b0928	6985	4145	8701
sucC	b0728	6213	15855	11673
sucD	b0729	6924	19013	12729
clpX	b0438	3251	5494	2649
hslU	b3931	1367	4825	1351
mfd	b1114	73	130	62
pheS	b1714	5078	6584	4038
accC	b3256	1810	5352	1586
fabB	b2323	13467	23274	13960
fadE	b0221	86	189	118
gatZ	b2095	1413	12320	2892
purA	b4177	6863	13171	6453
pyrG	b2780	960	1991	755
trpE	b1264	1090	269	1318
gltD	b3213	2965	323	2327
ilvB	b3671	1823	2174	2037
maeA	b1479	528	1348	481
sdhB	b0724	2481	9036	3332
gpmI		2656	2064	1657
cusA	b0575	356	204	452
hflK	b4174	1349	2346	1509
tolC	b3035	4884	6584	4795
rplE	b3308	31769	69275	22717
accA	b0185	3825	7972	3077
plsB	b4041	192	370	190
pdxB	b2320	737	801	646
serC	b0907	18150	3178	9686
talA	b2464	1446	953	1364
xylA	b3565	260	556	228
zwf	b1852	1234	1508	1171
lysC	b4024	3720	383	1832
tyrA	b2600	1416	501	1233
fliY	b1920	11402	3133	11401
sucB	b0727	5252	15565	5558
pckA		1147	9848	5292
pmbA	b4235	1295	1789	1072
ygfZ	b2898	1610	2457	2020
fepA	b0584	374	222	182
fiu	b0805	202	377	111
ompT	b0565	13908	7843	9579
uvrA	b4058	127	228	118
idnO	b4266	601	1048	385
nadE	b1740	3939	2222	3084
eno	b2779	36150	40037	26523
tktA	b2935	3883	7519	3392
deoD	b4384	2764	18649	3391
dcp	b1538	591	411	533
pepB	b2523	3155	3891	3464
argT	b2310	6161	4553	13118
prpC	b0333	470	278	301
sthA	b3962	445	2699	1020
yqhD	b3011	1052	5796	1622
entF	b0586	43	32	32
acrA	b0463	2423	4522	2050
ompF	b0929	24017	15901	36613
bamC	b2477	1753	2346	1349
hisS	b2514	1889	2845	1328
rplA	b3984	28502	76877	20511
fabI	b1288	5014	9391	3821
lamB	b4036	903	2585	1671
malP	b3417	274	442	274
pfkA	b3916	1448	1377	1269
mtlA	b3599	570	1626	1294
rbsB	b3751	5038	20979	18597
purB	b1131	1933	1442	1496
argD	b3359	3919	517	2286
leuC	b0072	2763	559	2920
trpB	b1261	5377	750	4071
gcvP	b2903	337	1071	357
metL	b3940	343	228	214
gltI	b0655	4936	3664	5920
mreB	b3251	3277	5376	3507
gor	b3500	986	1398	996
nuoF	b2284	393	2075	859
hldD		2898	4708	2507
ffh	b2610	925	1665	712
secD	b0408	430	879	422
yncE	b1452	3466	1954	2998
cysP	b2425	3914	804	3187
lepA	b2569	748	1579	656
ompC	b2215	33621	73854	26933
rhlB	b3780	497	938	412
yhgF	b3407	169	329	135
rapA	b0059	84	540	74
rpsC	b3314	15952	46854	13263
kbl	b3617	172	2297	108
deoB	b4383	1012	5977	1186
pykA	b1854	1902	3343	2282
tpiA	b3919	7438	7527	7456
glmM	b3176	1087	2582	1104
manX	b1817	2291	2890	2823
adk	b0474	5283	8199	3675
aroG	b0754	6678	1722	3616
speA	b2938	1295	1661	1105
metF	b3941	4385	853	3360
idnD	b4267	274	382	185
gabD	b2661	718	1258	1132
ndh	b1109	662	1172	444
lpoA		490	757	483
prpD	b0334	93	181	71
yfhM	b2520	29	60	49
dps	b0812	4698	10435	6462
efeO	b1018	636	426	250
dacC	b0839	988	956	1766
galU	b1236	1619	2449	1632
kdsA	b1215	2645	4123	3208
prfC	b4375	825	1380	503
rpsD	b3296	13608	35055	13327
rpsG	b3341	54022	136334	37345
pssA	b2585	296	730	387
btuB	b3966	676	832	503
serA	b2913	11353	910	6065
fbaB	b2097	2160	1182	3371
pgl	b0767	1802	2203	3349
purT	b1849	2379	363	1424
asd	b3433	13769	3849	8940
gabT	b2662	599	945	1295
ggt	b3447	172	269	279
pepQ	b3847	1239	1877	1364
proA	b0243	944	1214	950
proB	b0242	680	812	551
minD	b1175	2776	4928	2741
yajO	b0419	465	357	577
cyoA	b0432	2616	7655	2206
agp	b1002	501	1367	849
mdoG		993	1265	929
corC		215	363	331
phoP	b1130	2967	3132	2952
bfr	b3336	3413	3039	5651
grpE	b2614	5905	16830	5886
glmU	b3730	409	804	426
cusB	b0574	2333	385	3262
rplC	b3320	16502	40858	13860
ispG	b2515	590	969	455
pncB	b0931	593	365	564
bglA	b2901	369	485	370
deoA	b4382	135	1556	93
udp	b3831	1726	27495	3259
upp	b2498	23305	16450	21630
prs	b1207	7428	9372	7879
argE	b3957	2145	326	1378
aspA	b4139	110	5578	447
dapD	b0166	10996	8342	7306
hisG	b2019	4025	504	2818
pepD	b0237	2408	5961	2874
pepP	b2908	617	973	740
ilvI	b0077	441	114	472
hisJ	b2309	10759	3332	6560
ackA	b2296	3062	8612	2587
fumC	b1611	498	996	567
atpG	b3733	2307	3812	2414
fdoG	b3894	13	2034	8
ydgH	b1604	2729	2669	2437
luxS	b2687	6890	5305	6922
yfbU	b2294	1232	1387	1766
dkgA	b3012	328	735	468
yjgR	b4263	174	118	227
metQ	b0197	29884	3958	22397
galF	b2042	4865	4890	3787
murA	b3189	650	1266	642
rfbB	b2041	1009	2504	695
recA	b2699	1514	3139	1919
ligA	b2411	290	647	307
srmB	b2576	301	719	314
tyrR	b1323	132	225	154
map	b0168	1479	2077	1324
rpsE	b3303	18042	49612	15684
rpsF	b4200	17452	42242	12148
miaB	b0661	967	2315	604
rluC	b1086	152	326	89
tyrS	b1637	2277	3362	1609
gshA	b2688	550	611	424
hemL	b0154	2909	3785	2541
ubiE	b3833	929	1739	781
dxs	b0420	298	697	303
gcd	b0124	43	85	22
mtlD	b3600	725	1459	1006
tktB	b2465	754	379	923
treA	b1197	66	70	134
nagE	b0679	266	1768	545
purD	b4005	2115	423	1512
pyrD	b0945	1545	519	1027
asnA	b3744	1766	601	830
dapB	b0031	3082	2525	1753
ilvA	b3772	140	98	100
tyrB	b4054	1770	895	1376
glnH	b0811	6759	5618	10621
pntA	b1603	1938	895	1349
pntB	b1602	2977	1461	2158
ghrB	b3553	1788	1289	1156
hldE		802	1349	741
acrB	b0462	282	643	304
tolB	b0740	1690	1404	1265
crp	b3357	2048	3450	2655
yceH	b1067	858	1137	817
ygiF	b3054	287	303	299
yheS	b3352	56	137	50
frsA	b0239	248	271	186
modA	b0763	757	1058	995
ahpC	b0605	58487	77834	57080
bcp	b2480	7595	7717	6662
hscA	b2526	587	1040	425
sspA	b3229	4718	8208	4210
trxB	b0888	4439	5509	2845
degQ	b3234	846	848	1133
dacA	b0632	1349	1960	1111
slt	b4392	80	89	110
deaD	b3162	560	1899	315
malT	b3418	21	75	43
nusG	b3982	3934	6938	2964
rpoD	b3067	648	1657	591
prfB	b2891	1682	2892	1363
ychF	b1203	2762	4454	2133
fabH	b1091	2120	3559	1894
thiI	b0423	198	537	118
galM	b0756	1240	2363	1459
gpmA	b0755	12056	17793	10895
tabA	b4252	15854	12656	16864
deoC	b4381	1162	7170	837
purC	b2476	8188	1498	7056
codA	b0337	3065	691	2921
aroF	b2601	2076	454	1980
gcvT	b2905	662	2199	492
trpA	b1260	4387	1705	3797
carA	b0032	9256	792	5822
livK	b3458	2647	391	2329
edd	b1851	81	109	42
ftsA	b0094	572	792	543
glpA	b2241	14	463	476
hsdM	b4349	346	768	226
ftsY	b3464	1149	1803	898
damX	b3388	911	1194	658
yeeX	b2007	20277	15122	16560
yicC	b3644	710	963	750
ybiT	b0820	343	737	206
ycfP	b1108	793	965	808
der	b2511	267	369	168
mlaC	b3192	1567	2178	1550
sodA	b3908	21660	27082	25317
dnaJ	b0015	688	2011	742
hflC	b4175	1290	2128	1410
yegQ	b2081	265	684	169
galE	b0759	621	1752	606
glf	b2036	836	1590	652
cusC	b0572	1475	605	1834
uvrB	b0779	134	158	141
oxyR	b3961	395	578	374
purR	b1658	826	645	672
lysU	b4129	493	2372	394
rplF	b3305	18104	50099	16302
tgt	b0406	846	1067	480
trpS	b3384	1818	2000	1372
fabF	b1095	1917	4916	2138
fabG	b1093	4675	8991	3492
folE	b2153	14176	1659	6842
nadC	b0109	631	568	562
galK	b0757	369	1786	591
glk	b2388	497	610	975
manA	b1613	914	2033	887
pfkB	b1723	939	609	844
dhaK	b1200	754	945	2381
fbp	b4232	944	3235	1085
mglA	b2149	25	336	170
ugpB	b3453	113	180	173
aroA	b0908	2056	658	1151
hisC	b2021	2203	340	1614
hisD	b2020	3447	778	2463
potD	b1123	3341	4165	2884
ydcS	b1440	82	232	318
gsiB	b0830	316	180	311
pheA	b2599	1584	677	1465
artI	b0863	1927	2782	2528
trpD	b1263	1025	332	1101
leuB	b0073	4588	593	5032
gpr	b3001	167	395	333
prr	b1444	313	773	1263
yhdH	b3253	1097	1235	1390
dcrB	b3472	2176	3454	1779
ydcL	b1431	1470	1284	2143
gmhA		3370	4725	3964
coaB		252	596	246
wzzB		1637	2331	1298
uspE	b1333	1445	1635	1651
ompR	b3405	828	1606	1058
ybeZ	b0660	734	1453	667
ygaU	b2665	1857	1146	3045
wrbA	b1004	5306	3467	6744
mnmE	b3706	292	484	236
rlmN	b2517	215	755	176
ppk	b2501	60	71	66
cysA	b2422	705	203	828
fkpA	b3347	5679	10637	4797
hslO	b3401	2363	5556	2026
sufD	b1681	252	154	219
murE	b0085	512	700	376
rfaF	b3620	189	373	259
flu	b2000	59	103	48
cysS	b0526	550	856	381
frr	b0172	5649	8329	4157
infC	b1718	6930	13496	6603
rpsH	b3306	22152	58622	18273
selB	b3590	49	58	44
fabD	b1092	3385	6549	2283
hemX	b3803	587	996	622
panB	b0134	2579	2118	2246
panC	b0133	1286	1437	1359
gshB	b2947	1279	1594	1154
crr	b2417	33524	25210	24827
glgC	b3430	240	309	292
uxuA	b4322	395	1902	494
araF	b1901	35	101	89
fruB	b2169	301	590	257
gatC	b2092	580	3567	2295
amn	b1982	426	313	446
guaC	b0104	1145	1215	1149
purF	b2312	771	110	394
ushA	b0480	363	459	385
argB	b3959	6391	405	3864
aroD	b1693	881	475	603
avtA	b3572	553	383	372
metB	b3939	1916	235	1347
metC	b3008	2128	319	1006
selD	b1764	708	1402	665
cysD	b2752	1300	362	854
cysH	b2762	1861	476	1572
argA	b2818	333	222	253
hisB	b2022	2794	692	2276
poxB	b0871	258	170	278
glpQ	b2239	164	1298	624
atpH	b3735	7700	11886	7941
frmA	b0356	551	1528	672
nfnB		1503	2039	1149
rmlA		635	1510	623
dksA	b0145	5844	19594	6499
proQ	b1831	2318	4624	2510
arcA	b4401	3367	5464	3944
relA	b2784	64	98	59
uspF	b1376	1378	3013	3356
uspG	b0607	1174	3224	1088
yhcB	b3233	5444	6150	5167
yifE	b3764	5671	7327	6417
bamB	b2512	962	1670	925
yncB	b1449	663	380	696
hflX	b4173	239	437	299
hns	b1237	22541	47133	35150
stpA	b2669	6863	5241	2501
ydfG	b1539	1891	2097	2361
bamD	b2595	1372	2107	1086
rsgA	b4161	374	392	327
yniC	b1727	519	885	429
yfeX	b2431	489	1098	530
cysQ	b4214	917	978	861
phoU	b3724	338	587	486
fdhE	b3891	373	1583	236
glnD	b0167	126	280	141
grxB	b1064	2666	1445	1997
ppiA	b3363	2576	2280	2225
tpx	b1324	24694	28899	23441
yghU	b2989	769	488	1040
sohB	b1272	413	426	408
ddlA	b0381	140	897	91
mdtE	b3513	13	24	10
rdgC	b0393	561	739	425
ihfA	b1712	4676	4810	5008
cysB	b1275	523	620	403
kdgR	b1827	546	866	564
lrp	b0889	6092	3555	7004
rplK	b3983	11140	27559	8006
rplY	b2185	20176	45584	15540
rpsI	b3230	8821	20837	7971
accD	b2316	1660	3440	1736
fadL	b2344	472	3157	1328
psd	b4160	1620	1882	1470
fadD	b1805	150	539	150
yghA	b3003	150	78	106
moaB	b0782	2560	2778	2488
ubiD	b3843	244	712	283
nagB	b0678	550	1141	804
uxaC	b3092	143	355	228
dhaM	b1198	340	354	447
manZ	b1819	341	475	385
ytfQ	b4227	99	380	336
purU	b1232	2304	1294	1357
cpdB	b4213	134	536	198
argC	b3958	1718	231	1243
cysM	b2421	1533	612	972
pepT	b1127	262	204	323
selA	b3591	181	140	185
ybiB	b0800	716	859	495
dapA	b2478	3589	3962	3807
dppF	b3540	309	235	575
gss	b2988	184	102	83
sufS	b1680	508	177	367
trpC	b1262	804	95	616
dppD	b3541	367	434	585
nuoE	b2285	748	5284	1398
ybiC	b0801	1634	621	611
ydbC	b1406	413	345	603
atpF	b3736	8988	13934	9956
hmp	b2552	149	349	84
qorA	b4051	871	678	1250
yidC	b3705	842	2030	866
uspA	b3495	37520	30073	33285
narL	b1221	1239	1765	1284
yaaA	b0006	803	1105	599
yajQ	b0426	10057	10699	7733
ybaB	b0471	6880	11963	5855
ydcJ	b1423	43	61	84
uup	b0949	156	420	111
yejK	b2186	833	1147	666
ygdH	b2795	199	597	231
yhbJ	b3205	231	225	224
yhhX	b3440	424	792	412
hchA	b1967	628	848	602
lptB	b3201	1635	2132	1419
mqo	b2210	146	255	12
rsmI	b3146	383	513	295
ycaC	b0897	1884	998	2658
nlpA	b3661	1867	358	1555
sseA	b2521	821	2205	1142
ydeN	b1498	14	147	39
pstS	b3728	305	301	464
fhuC	b0151	154	201	127
btuE	b1710	1158	890	1184
dsbC	b2893	1421	1356	626
dsbA	b3860	4138	4121	4309
sufB	b1683	266	224	255
sufC	b1682	628	298	530
yliJ	b0838	627	364	594
gst	b1635	685	412	787
fliC	b1923	3	5	17
lpp	b1677	48939	65769	47094
mrcB	b0149	91	104	83
murC	b0091	435	671	342
murF	b0086	530	850	475
pal	b0741	18234	21384	16182
rsmH	b0082	374	498	332
dnaB	b4052	207	320	128
hrpA	b1413	32	60	23
xthA	b1749	658	834	504
nagC	b0676	124	234	124
lexA	b4043	560	1027	626
pspA	b1304	934	747	1374
fmt	b3288	715	1587	766
rplD	b3319	21084	49874	17090
rplN	b3310	7098	24357	7100
rplQ	b3294	18397	46700	14757
rplX	b3309	49826	124761	35995
rpsJ	b3321	39792	103703	28416
rpsM	b3298	23450	72767	21550
rimO	b0835	326	809	179
fadA	b3845	425	526	508
hdhA	b1619	197	200	234
fadI	b2342	23	92	54
fadJ	b2341	24	87	35
hemC	b3805	224	732	436
hemY	b3802	144	323	176
nadA	b0750	368	65	227
folD	b0529	1861	1452	1589
entC	b0593	193	57	61
ubiG	b2232	1335	1404	1118
ghrA	b1033	1020	1383	991
rpiA	b2914	2758	4467	2446
ybhC	b0772	1377	1546	1100
lsrF	b1517	88	117	67
suhB	b2533	1439	3468	981
purM	b2499	2544	564	2295
pyrF	b1281	1507	1017	1239
nrdA	b2234	28	106	25
aroC	b2329	798	469	690
dadA	b1189	51	1095	86
dsdA	b2366	67	1431	29
leuD	b0071	5119	461	5192
potF	b0854	3029	1192	4361
thrB	b0003	594	442	442
aroK	b3390	2112	3205	1222
ilvN	b3670	1075	2811	2203
ltaE	b0870	316	411	368
ygiS	b3020	47	74	75
oppD	b1246	144	736	142
artJ	b0860	9359	1294	5092
ppa	b4226	8350	14365	7571
cydA	b0733	344	1399	518
cyoB	b0431	957	2424	929
fadH	b3081	43	134	112
yggX	b2962	3446	4247	2789
csiD	b2659	56	636	226
ybeL	b0643	540	658	639
mdoB		77	171	88
yhiI	b3487	179	454	182
cusS	b0570	217	173	250
rcsB	b2217	2769	3818	2085
ybiS	b0819	3469	3224	2574
yceI	b1056	2094	580	2090
yihI	b3866	1175	1804	980
ydiU	b1706	70	88	67
yibQ	b3614	126	76	55
osmY	b4376	10489	5064	5204
yccU	b0965	1847	1578	1792
yhbO	b3153	288	214	284
yidA	b3697	511	644	306
yieF	b3713	1687	2331	1663
yafV	b0219	219	80	87
ycbX	b0947	212	308	242
yrdA	b3279	840	872	610
cueO	b0123	1034	424	995
elbB	b3209	1274	3515	1737
entB	b0595	243	91	164
mlaD	b3193	1098	1912	971
fur	b0683	6492	10748	5760
can	b0126	3642	2319	2566
modF	b0760	233	53	194
sbp	b3917	1357	567	1244
znuA	b1857	434	567	219
hscB	b2527	845	983	533
yqjG	b3102	107	117	89
msrB	b1778	1301	1263	1474
ydcP	b1435	27	61	9
mrcA	b3396	31	49	19
ompX	b0814	22443	25278	8241
slyB	b1641	14116	17259	13810
mdtA	b2074	126	70	121
mscS	b2924	2854	3440	3041
greA	b3181	2449	6565	2433
rpoS	b2741	219	1347	186
pcnB	b0143	43	74	33
rplJ	b3985	34448	87283	28260
rplM	b3231	31492	74846	24514
rplS	b2606	5503	16521	5222
rsuA	b2183	1510	1816	1257
glyQ	b3560	1660	3682	1220
osmE	b1739	4610	3304	5306
ucpA	b2426	122	1962	269
bioB	b0775	366	94	186
lipA	b0628	437	2685	548
ribC	b1662	746	970	612
fre	b3844	643	1302	719
glgP	b3428	135	116	146
nagA	b0677	282	752	406
nagD	b0675	1268	1368	1028
xylB	b3564	48	44	45
yeaD	b1780	2162	2422	2078
glgX	b3431	111	75	95
malK	b4035	87	398	131
rbsA	b3749	18	78	54
xylF	b3566	94	147	138
cdd	b2143	257	3380	211
hpt	b0125	1285	2475	839
udk	b2066	192	445	205
nrdB	b2235	449	832	394
pyrI	b4244	19076	3040	20656
argI	b4254	805	71	413
metA	b4013	2687	370	917
speD	b0120	1780	2106	827
ygiC	b3038	386	440	442
gatD	b2091	128	1229	618
ilvH	b0078	1533	439	1246
livG	b3455	203	171	305
oppF	b1247	57	445	53
ycdX	b1034	239	221	222
ftsN	b3933	172	261	170
mrp	b2113	1317	2075	933
mnmG	b3741	84	171	77
iscU	b2529	9431	8769	9007
lldD	b3605	148	1027	272
nuoB	b2287	305	1281	517
atpC	b3731	10112	15370	12009
frdA	b4154	37	408	61
ydbK	b1378	65	197	60
wbbI	b2034	789	2028	564
yaeH	b0163	1708	1478	2539
gluQ		48	166	44
ampD	b0110	167	166	106
yfeW	b2430	14	43	19
tatB	b3838	648	1060	585
spy	b1743	424	444	622
arcB	b3210	50	122	51
cstA	b0598	361	978	2120
ybgF	b0742	1385	1448	999
ycfD	b1128	821	972	862
yfgM	b2513	1013	1559	724
ppsR	b1703	293	357	281
ydhF	b1647	296	478	287
actP	b4067	40	113	248
ysgA	b3830	682	482	1116
ftnA	b1905	3237	5282	1315
cbpA	b1000	131	363	123
ppiB	b0525	2305	3457	2563
slyD	b3349	19681	28739	15259
ybbN	b0492	2692	4289	2264
glnE	b3053	25	29	36
clpP	b0437	8821	12106	7175
osmC	b1482	7596	3286	8157
gcp	b3064	199	484	105
kdsB	b0918	546	913	407
nlpD	b2742	344	426	319
rfaG	b3631	49	102	31
rlmL	b0948	102	258	73
ruvB	b1860	235	346	172
nudE	b3397	561	565	448
nusB	b0416	1086	2372	969
rnc	b2567	654	1224	592
cobB	b1120	594	728	695
rpoN	b3202	298	399	236
rpoZ	b3649	9115	16564	7346
yegW	b2101	65	67	39
cra	b0080	148	371	253
efp	b4147	17940	38972	14569
rplI	b4203	34889	83961	25920
rplL	b3986	61706	145619	40710
rpmB	b3637	9795	21000	6072
rpmD	b3302	8298	21048	7308
rsmC	b4371	665	502	503
dusA	b4049	198	436	108
yeiP	b2171	3519	4507	2920
yfiF	b2581	1126	1504	1095
dxr	b0173	72	135	58
entA	b0596	142	41	88
coaA	b3974	275	508	247
folC	b2315	364	633	279
hemB	b0369	440	819	375
moeA	b0827	539	703	429
pdxA	b0052	184	178	166
ribA	b1277	311	529	257
ribE	b0415	7341	10894	5615
epd	b2927	112	210	111
fruK	b2168	56	166	84
malQ	b3416	65	84	61
prpB	b0331	23	36	11
treC	b4239	4	484	8
yniA	b1725	194	294	331
idnK	b4268	15	23	12
rbsK	b3752	66	483	180
add	b1623	253	1603	205
apt	b0469	3061	6371	1787
ndk	b2518	11665	18896	17326
pyrH	b0171	710	829	631
hisA	b2024	2121	600	1633
hisH	b2023	1575	754	1229
proC	b0386	549	813	450
sdaB	b2797	37	2367	21
speC	b2965	86	59	93
usg	b2319	456	583	326
ilvE	b3770	2609	1389	1899
dcyD	b1919	987	891	787
ddpA	b1487	16	18	37
gadC	b1492	62	88	32
speB	b2937	1283	2427	2217
tdh	b3616	181	2388	239
yceF	b1087	2340	3657	3119
fdx	b2525	2742	6442	2528
gldA	b3945	54	54	36
nirB	b3365	3	12	3
ybdH	b0599	727	509	658
yebF	b1847	1716	850	1721
yedD	b1928	1666	2349	1511
ygiM		273	289	206
gpmB		365	601	361
iciA		625	391	545
grcA		901	2365	1418
mrr	b4351	34	119	57
secY	b3300	651	1282	561
exbD	b3005	368	267	282
secB	b3609	16735	27911	11828
glnG	b3868	129	70	64
baeR	b2079	276	188	181
cpxR	b3912	933	875	784
rstA	b1608	243	278	221
spoT	b3650	14	39	15
cusR	b0571	929	53	1059
qseB	b3025	70	269	60
elaB	b2266	7256	2925	8191
ybgI	b0710	4327	4293	5174
ydcF	b1414	240	130	211
yebC	b1864	792	1894	584
ygiN	b3029	610	714	530
lptA	b3200	1083	1496	1087
rodZ	b2516	1543	2051	1525
truD	b2745	233	294	170
yqfB	b2900	700	1070	890
ydaL	b1340	57	116	49
mdaB	b3028	447	574	579
modE	b0761	135	310	95
ydjN	b1729	2230	971	984
yecA	b1908	803	945	574
yedE	b1929	23	19	83
yigB	b3812	247	249	200
dkgB	b0207	91	120	131
rlmM	b2806	122	167	84
yjiA	b4352	165	451	269
yhiR	b3499	302	540	186
entE	b0594	92	26	58
corA	b3816	276	483	332
mgtA	b4242	65	155	78
metN	b0199	1090	674	1085
yibN	b3611	1372	3472	1539
yqjH	b3070	435	497	421
groS	b4142	14801	42738	18543
nfuA	b3414	3753	6623	3317
ptrA	b2821	49	30	35
yhfA	b3356	438	325	417
yggG	b2936	454	764	526
ddlB	b0092	511	912	472
gutQ	b2708	55	108	63
lolB	b1209	256	255	289
mipA	b1782	3328	6840	2349
skp	b0178	8224	13249	5343
yeeZ	b2016	327	247	216
ycjG	b1325	102	62	96
spr	b2175	1782	417	2407
dnaA	b3702	66	134	77
dnaN	b3701	577	906	534
nfo	b2159	205	281	198
ssb	b4059	3612	8232	3257
ihfB	b0912	5360	4383	4563
parC	b3019	125	268	95
fadR	b1187	186	428	215
rob	b4396	102	185	119
slyA	b1642	785	784	668
yjdC	b4135	520	323	538
galR	b2837	64	97	68
iscR	b2531	7687	7128	7084
mprA	b2684	1085	1735	762
uidR	b1618	139	140	53
miaA	b4171	80	92	65
rbfA	b3167	1535	3095	1223
rplO	b3301	6986	19396	6175
rplV	b3315	49717	137404	40812
rpmE	b3936	8141	55159	9798
truB	b3166	77	182	69
mnmA	b1133	500	617	329
rimM	b2608	776	1686	514
rlmB	b4180	471	742	406
rluD	b2594	391	513	201
speG	b1584	90	161	75
truA	b2318	45	206	32
yjgF	b4243	9263	18215	8991
fabA	b0954	2067	5841	2122
fabZ	b0180	4930	9123	4211
azoR	b1412	802	448	752
yciK	b1271	319	237	245
kduD	b2842	52	60	29
pdxJ	b2564	645	994	754
cmoA	b1870	556	499	397
panE	b0425	25	63	61
ribB	b3041	371	1382	631
glgA	b3429	331	319	390
glpT	b2240	53	1045	413
otsA	b1896	199	233	204
dhaL	b1199	95	130	221
fruA	b2167	172	285	165
gatB	b2093	6458	30177	17619
gatA	b2094	5671	21707	13472
yiaO	b3579	10	9	6
cmk	b0910	950	1808	722
gpt	b0238	3383	5762	3562
purK	b0522	227	185	165
iadA	b4328	223	511	119
rihA	b0651	143	1192	268
rihC	b0030	42	1217	212
aroB	b3389	305	248	250
aroH	b1704	300	175	166
dapE	b2472	74	154	60
hisF	b2025	1029	180	838
lysA	b2838	726	169	712
solA	b1059	813	502	534
speE	b0121	1040	1133	540
nanA	b3225	81	5950	174
livF	b3454	220	67	281
potA	b1126	249	530	184
puuA	b1297	122	95	84
yehX	b2129	118	71	167
yiiD	b3888	134	200	151
ftsE	b3463	250	330	266
ftsK	b0890	33	66	25
minE	b1174	2057	4004	2871
mukF	b0922	54	122	54
fic	b3361	283	142	168
fldA	b0684	8651	12231	7989
galT	b0758	151	482	147
fucO	b2799	41	234	83
hyaB	b0973	1	3	1
puuC	b1300	116	43	72
ldhA	b1380	566	619	519
yfiQ	b2584	17	19	24
ykgC	b0304	18	30	18
orn	b4162	509	627	411
appA	b0980	9	14	6
ivy	b0220	1704	1180	1074
yhhA	b3448	107	132	117
yiaF	b3554	1714	3055	1237
yfcD	b2299	1419	2932	1203
mdoH		84	102	43
wecB		116	206	56
mdoD		93	100	94
mtnN		2180	3544	1996
lolD	b1117	500	731	406
hsdR	b4350	4	36	7
yadG	b0127	272	593	252
msbA	b0914	152	428	117
tatA	b3836	2477	4227	1799
exbB	b3006	819	561	697
lepB	b2568	147	257	136
secF	b0409	465	1250	544
ptsP	b2829	42	55	42
rcsD	b2216	33	34	36
yjiY	b4354	14	459	14
kdpE	b0694	59	60	26
ybdK	b0581	53	44	83
ycaO	b0905	437	1063	182
ycgL	b1179	127	127	104
yciF	b1258	270	112	358
ydeI	b1536	110	137	76
ydhS	b1668	42	32	52
yeaK	b1787	438	562	387
yebE	b1846	480	118	922
yegP	b2080	386	165	367
yggE	b2922	948	1276	863
ygiW	b3024	1669	2167	2844
yihD	b3858	2511	3565	1514
cusF	b0573	29517	1548	39220
queF	b2794	59	92	64
rcnR	b2105	494	127	393
rimP	b3170	609	1246	507
yjgA	b4234	166	435	150
yqiC	b3042	1520	1617	1314
zapB	b3928	10839	17591	8727
yfgC	b2494	177	140	187
eco	b2209	214	3877	136
sspB	b3228	353	713	277
ybfF	b0686	204	165	206
ybhA	b0766	352	593	253
yfcE	b2300	907	1310	584
yfcH	b2304	95	90	112
yggS	b2951	208	297	192
yhhW	b3439	81	80	121
yhjJ	b3527	116	193	82
obgE	b3183	418	1038	310
puuD	b1298	114	30	35
rlmI	b0967	172	429	154
yajL	b0424	370	444	376
ypfJ	b2475	126	99	136
yraP	b3150	754	1312	793
yhaK	b3106	33	8	18
yigL	b3826	854	1177	617
mviM	b1068	39	23	50
cysC	b2750	834	206	543
pitA	b3493	208	288	152
sodB	b1656	4213	22543	4590
sodC	b1646	346	280	298
fklB	b4207	4381	7989	3350
pflA	b0902	189	309	154
clpB	b2592	119	423	132
yfcF	b2301	191	74	115
yibF	b3592	637	351	626
trxA	b3781	20951	26242	18242
hypB	b2727	24	64	15
sppA	b1766	53	86	51
tar	b1886	2	4	5
cfa	b1661	71	96	25
dadX	b1190	28	411	50
rfbD	b2040	761	1757	575
slp	b3506	552	421	466
yhjG	b3524	16	29	20
yiaD	b3552	344	2116	159
mscM	b0577	14	23	15
tonB	b1252	108	75	86
dgoD	b4478	9	13	6
ydhQ	b1664	85	318	93
yajG	b0434	4572	6632	4049
kefA	b0465	7	16	4
ycfH	b1100	43	85	28
mutS	b2733	39	117	29
seqA	b0687	1357	2745	1019
insH	b0259	56	122	39
mug	b3068	241	306	207
recJ	b2892	5	31	5
yqgE	b2948	410	441	299
metJ	b3938	990	1222	651
nanK	b3222	7	561	12
mntR	b0817	148	223	110
nrdR	b0413	211	224	247
yagI	b0272	37	6	31
pth	b1204	733	1188	465
rpsS	b3316	19008	51051	13707
rpsU	b3065	28385	70780	20777
trmD	b2607	121	236	94
rluA	b0058	118	386	111
yciO	b1267	706	1088	813
rng	b3247	85	98	79
accB	b3255	2574	6082	2201
yqeF	b2844	19	113	47
garR	b3125	27	770	34
bioA	b0774	139	33	91
folP	b3177	223	429	167
menB	b2262	558	1263	531
moaC	b0783	316	403	203
pdxH	b1638	302	232	301
ribF	b0025	160	214	154
hemF	b2436	116	44	34
ribD	b0414	194	129	176
amyA	b1927	109	78	183
eda	b1850	3635	4879	2180
sgcX	b4305	5	6	5
yagH	b0271	25	34	25
kgtP	b2587	124	231	93
garD	b3128	9	266	9
glpX	b3925	187	341	266
kdgK	b3526	547	968	479
lsrB	b1516	85	121	65
malS	b3571	23	3	4
ptsH	b2415	24850	16746	13501
proP	b4111	268	410	92
ptsN	b3204	861	1917	901
yjeF	b4167	48	86	65
gmk	b3648	437	799	293
tmk	b1098	204	271	110
ppx	b2502	31	75	36
rdgB	b2954	677	1064	471
cysE	b3607	400	494	530
ansA	b1767	554	630	313
yagE	b0268	42	737	132
alaA	b2290	100	105	110
alaC	b2379	93	116	77
astC	b1748	44	224	57
glnQ	b0809	698	803	1003
iaaA	b0828	67	48	65
mppA	b1329	67	252	95
proV	b2677	29	1187	5
ydcT	b1441	24	38	41
envC	b3613	57	60	41
fdoH	b3893	4	800	4
gpsA	b3608	327	949	301
nuoI	b2281	294	1140	471
nemA	b1650	99	196	87
cydC	b0886	77	159	103
cydD	b0887	60	91	52
crl	b0240	1960	3202	1316
malM	b4037	240	909	764
tus	b1610	18	32	27
ybjP	b0865	1344	1174	1979
yqjC	b3097	503	451	235
lasT		70	100	52
engB		1218	1681	999
JW58		47	133	56
ygdL		48	140	39
emrA	b2685	44	139	11
sapF	b1290	30	63	29
ybhG	b0795	81	173	59
yidR	b3689	107	63	91
cpxP	b4484	328	126	741
apaH	b0049	57	92	41
rseB	b2571	91	100	85
glnL	b3869	66	15	24
mazF	b2782	227	196	72
uspC	b1895	260	99	136
uspD	b3923	320	403	253
narP	b2193	251	816	250
yebR	b1832	1051	1180	1072
ybaK	b0481	519	761	319
yciE	b1257	309	177	261
yeaH	b1784	20	29	33
yeeN	b1983	2098	4718	1136
mtfA	b1976	431	790	678
ycbB	b0925	65	47	43
yiiM	b3910	74	67	65
yjaG	b3999	100	165	102
ynhG	b1678	516	375	246
yigZ	b3848	108	91	48
yjbQ	b4056	200	267	119
yjjX	b4394	415	443	286
yacF	b0102	294	554	269
yihX	b3885	131	331	171
aphA	b4055	84	1679	83
hfq	b4172	1514	2273	1669
tam	b1519	97	243	171
tldD	b3244	371	472	240
ybhB	b0773	316	180	277
yceA	b1055	67	38	28
yebT	b1834	10	20	10
yeiR	b2173	55	92	26
yejM	b2188	24	46	36
yfbT	b2293	1220	1166	1106
ygjR	b3087	186	299	249
glcG	b2977	148	460	295
kefG	b3351	115	105	99
murQ	b2428	39	417	107
nlpI	b3163	299	265	239
queC	b0444	306	551	228
ravA	b3746	33	59	43
ycbL	b0927	842	732	615
yceD	b1088	1173	2268	843
ycjY	b1327	48	42	40
ymdB	b1045	69	73	68
yqaB	b2690	159	345	69
yjeE	b4168	914	926	888
mhpF	b0351	256	201	96
ycgM	b1180	103	101	180
fhuE	b1102	19	13	11
pstB	b3725	113	183	118
ybaL	b0478	86	195	123
zntA	b3469	12	77	6
grxC	b3610	4265	8387	6170
ibpA	b3687	363	2639	362
msrA	b4219	687	730	692
pcm	b2743	188	255	184
ppiC	b3775	1088	1976	1305
smpB	b2620	330	603	343
degS	b3235	74	44	77
grxD	b1654	6421	6032	4245
ycbZ	b0955	39	106	38
ygcF	b2777	192	620	150
asmA	b2064	25	41	33
ftsI	b0084	11	26	14
lolA	b0891	716	1385	687
lpxA	b0181	974	1486	1005
lpxB	b0182	31	64	30
mpl	b4233	353	705	284
murG	b0090	92	133	91
tsx	b0411	1329	9242	752
wbbK	b2032	61	178	60
kdsD	b3197	84	159	93
macA	b0878	32	26	44
mlaA	b2346	344	717	246
osmF	b2131	118	76	136
rfaC	b3621	62	92	36
rffG	b3788	41	143	29
rsmG	b3740	409	716	258
wzzE	b3785	140	300	117
helD	b0962	38	61	37
hupA	b4000	132932	278633	135752
ung	b2580	113	194	64
nudC	b3996	147	133	109
parE	b3030	39	100	38
xseA	b2509	35	35	38
gntR	b3438	577	972	612
mhpR	b0346	11	128	25
rsd	b3995	239	370	394
allR	b0506	206	179	154
ascG	b2714	17	44	30
hdfR	b4480	73	180	65
rpoE	b2573	389	565	273
mak	b0394	201	268	322
def	b3287	886	1542	337
prmA	b3259	201	449	124
queA	b0405	415	893	233
rplP	b3313	33115	98439	30152
rplR	b3304	6146	13821	4900
rplU	b3186	7358	19424	6254
rpsK	b3297	10769	24642	9147
rpsL	b3342	2322	7473	3481
rpsP	b2609	65082	136596	51815
rpsT	b0023	28843	74646	21077
prmB	b2330	1405	1400	948
raiA	b2597	2154	14293	3725
rsmA	b0051	253	451	172
tehB	b1430	224	236	162
rimN	b3282	414	727	347
ispE	b1208	186	161	220
ispF	b2746	1486	4893	1549
bioD	b0778	440	127	202
bioF	b0776	72	98	84
folA	b0048	295	571	297
folX	b2303	1182	1899	1204
hemN	b3867	77	139	75
nadB	b2574	30	9	21
btuD	b1709	63	106	167
moaE	b0785	458	485	308
rimK	b0852	50	92	74
alsB	b4088	19	173	40
rbsD	b3748	177	701	436
rpe	b3386	524	557	244
yhjE	b3523	467	92	447
yphF	b2548	24	4	7
nrdD	b4238	30	52	48
nupC	b2393	122	682	70
purE	b0523	3610	719	1914
nrdE	b2675	14	8	12
hinT	b1103	1990	2825	2151
tadA	b2559	26	14	15
glnB	b2553	1276	2123	1516
gloA	b1651	1966	1925	2436
hisI	b2026	1903	432	1303
hisP	b2306	142	26	110
proX	b2679	786	10094	314
puuE	b1302	41	8	23
ybdR	b0608	19	23	10
mukE	b0923	340	683	271
ytfE	b4209	6	70	4
dctA	b3528	37	623	97
fpr	b3924	184	194	129
prkB	b3355	173	155	291
ydjA	b1765	2013	2523	2045
hemG	b3850	106	250	152
bisC	b3551	31	14	25
dmsA	b0894	1	9	2
frdB	b4153	165	592	153
yibA	b3594	31	46	67
glgS	b3049	27	41	10
hha	b0460	198	237	110
pliG	b1178	485	204	415
rcsF	b0196	779	910	603
ybiU	b0821	56	46	33
ydcY	b1446	380	533	275
yecJ	b4537	460	956	385
yggN	b2958	171	314	124
yibL	b3602	1538	1540	2735
yrfF	b3398	41	70	33
cptA		53	54	39
wecC		111	336	69
sapD	b1291	23	24	10
tolQ	b0737	268	378	241
cpxA	b3911	45	50	47
fnr	b1334	609	1101	628
dosC	b1490	7	13	10
evgA	b2369	52	116	17
uvrY	b1914	123	184	117
erfK	b1990	69	74	91
iscA	b2528	1451	1953	1190
yagU	b0287	651	1554	382
ybaY	b0453	4627	1904	2992
ybcJ	b0528	408	307	433
ybeD	b0631	4131	9771	2898
yciI	b1251	2116	1702	1923
yeaO	b1792	221	198	155
yecM	b1875	281	352	233
yehS	b2124	33	82	37
acpH	b0404	22	51	30
chbG	b1733	39	23	19
yjbJ	b4045	454	1729	432
yjbR	b4057	415	592	481
yqjD	b3098	9434	7755	15551
yciW	b1287	70	8	69
ygfY	b2897	190	135	231
zapA	b2910	813	1232	635
gph	b3385	738	882	578
yafJ	b0223	59	48	56
ycdY	b1035	678	538	524
ydeJ	b1537	12	9	9
ydgJ	b1624	53	43	94
yedP	b1955	39	42	58
yhbS	b3156	628	1170	702
csdE	b2811	196	222	173
gloB	b0212	282	278	275
sfsA	b0146	43	54	20
ytfJ	b4216	44	400	60
yhiN	b3492	53	91	13
yjcO	b4078	128	44	29
ygaD	b2700	87	152	123
yecD	b1867	18	60	162
ydiI	b1686	313	230	267
yigI	b3820	107	231	92
cutC	b1874	77	92	55
fecB	b4290	11	541	3
modC	b0765	6	12	8
ychN	b1219	2021	2386	1227
trkA	b3290	42	137	44
yddB	b1495	1	0	1
fecE	b4287	14	237	6
zur	b4046	70	130	103
dsbG	b0604	130	203	122
htpX	b1829	451	539	395
ibpB	b3686	20	546	21
fkpB	b0028	1255	2785	1354
radA	b4389	39	48	33
yeaZ	b1807	105	219	44
lpxC	b0096	131	133	115
mreC	b3250	51	88	64
mscL	b3291	1409	1658	1548
murI	b3967	67	186	51
rlpA	b0633	290	727	232
yeaY	b1806	73	108	60
lptE	b0641	307	368	236
ytfB	b4206	194	222	229
qorB	b4211	269	131	234
ytfM	b4220	36	60	29
dinJ	b0226	260	344	138
hupB	b0440	41918	80032	38259
mutL	b4170	8	11	15
uvrD	b3813	31	119	36
xseB	b0422	921	1353	707
nudF	b3034	139	179	125
ogt	b1335	57	42	50
rhlE	b0797	25	54	2
nudK	b2467	2491	5183	2147
cspC	b1823	58803	117057	53740
cspD	b0880	1247	10716	4436
cspE	b0623	17168	43365	17206
glcC	b2980	19	94	22
lrhA	b2289	18	44	36
nanR	b3226	117	202	92
nikR	b3481	541	642	734
paaX	b1399	11	32	18
pdhR	b0113	102	106	48
yeiE	b2157	122	161	74
agaR	b3131	30	53	30
yihW	b3884	39	135	61
lldR	b3604	17	115	22
mngR	b0730	54	3	24
ygaV	b2667	143	131	88
zntR	b3292	26	49	25
cca	b3056	64	88	37
infA	b0884	4495	9064	2424
prfA	b1211	231	374	218
rna	b0611	50	98	50
rplT	b1716	3577	11237	3342
rplW	b3318	1877	4678	1749
rpmA	b3185	23305	59704	18782
rpmC	b3312	52939	119802	39271
rpmF	b1089	26636	68790	18420
rpmG	b3636	27960	66457	18238
rpsN	b3307	10079	22731	7626
rpsO	b3165	33110	60729	28045
rpsQ	b3311	4180	28222	9601
hpf	b3203	2312	1991	2450
rluB	b1269	114	294	78
rsmB	b3289	58	203	50
trmH	b3651	25	70	13
yoaB	b1809	1854	1764	1509
ispD	b2747	67	140	50
tesB	b0452	239	273	195
acpP	b1094	28944	45220	28863
caiD	b0036	59	11	12
yfjG	b2619	33	242	11
ispH	b0029	224	430	207
cls	b1249	10	14	9
mog	b0009	47	181	44
pdxK	b2418	52	222	145
ubiC	b4039	154	293	141
bioC	b0777	6	1	15
birA	b3973	19	37	17
moeB	b0826	94	106	35
rraA	b3929	1559	1921	1210
thiD	b2103	28	143	56
ygfA	b2912	35	33	11
visC	b2906	17	41	19
fucI	b2802	3	106	5
glpF	b3927	46	629	1289
nanE	b3223	22	873	51
srlB	b2704	10	522	4
diaA	b3149	293	285	219
glgB	b3432	76	105	78
melA	b4119	12	14	13
nagZ	b1107	131	197	104
ugpC	b3450	29	31	25
xylG	b3567	1	3	1
yihT	b3881	19	16	10
codB	b0336	211	31	179
purN	b2500	459	542	290
thyA	b2827	383	728	354
nrdF	b2676	43	46	35
argF	b0273	149	11	52
aroL	b0388	680	356	358
gcvR	b2479	324	214	323
glpB	b2242	4	380	258
pepE	b4021	140	744	195
sdaC	b2796	66	2738	67
serB	b4388	188	225	120
sstT	b3089	58	120	93
putP	b1015	77	364	61
artP	b0864	588	853	536
dapF	b3809	362	313	235
eutB	b2441	32	63	40
glnP	b0810	34	43	59
gmhB	b0200	316	297	278
mmuM	b0261	151	45	89
patA	b3073	34	32	56
potG	b0855	44	1	76
yecC	b1917	375	160	335
minC	b1176	171	163	116
zipA	b2412	1042	1587	1234
feaB	b1385	8	9	23
narG	b1224	0	15	1
tas	b2834	243	241	220
ugpQ	b3449	195	181	252
yccX	b0968	118	153	301
fumB	b4122	15	26	5
hybA	b2996	148	34	34
nfsA	b0851	211	677	168
yhbW	b3160	110	135	98
aroM	b0390	107	124	118
hdeB	b3509	75	457	100
mcbA	b0806	6801	8351	4846
msyB	b1051	3968	1792	6567
yaeP	b4406	1499	2418	1575
yahO	b0329	4029	1885	7161
yaiA	b0389	353	252	487
yccJ	b1003	2565	4132	2971
yceB	b1063	373	567	231
ydhR	b1667	2912	2070	3139
yejG	b2181	95	167	83
yfcL	b2325	450	892	195
yffR	b2449	53	55	54
yhfZ	b3383	39	47	13
yicH	b3655	70	129	75
ymjA	b1295	304	175	275
ynaE	b1375	31	9	4
gppA		60	42	30
glsA		55	47	22
mlc		19	55	21
msbB		71	137	67
gyrI		499	785	444
lpoB		705	843	724
nmpC		17	142	15
trmB		443	895	339
ygiD		208	44	72
ampC	b4150	19	37	11
hsdS	b4348	19	66	14
ampH	b0376	36	53	24
ldcA	b1192	107	110	83
secG	b3175	2475	4283	1989
tatC	b3839	213	456	236
secE	b3981	152	291	191
aceK	b4016	3	5	16
csrA	b2696	1907	2612	1137
yedV	b1968	7	1	3
torR	b0995	1	19	0
hprR	b1969	10	1	6
hdeD	b3511	2	1	0
ybiX	b0804	14	5	10
ycaR	b0917	1959	1498	1895
yfcZ	b2343	1921	3951	2059
ygfB	b2909	973	1302	754
yggL	b2959	2921	4523	2845
ygiB	b3037	127	210	155
yheO	b3346	523	694	463
yidB	b3698	511	605	652
yigP	b3834	41	106	32
frmR	b0357	365	554	373
iscX	b2524	2607	4557	1476
mraZ	b0081	148	85	136
rlmH	b0636	56	129	33
rsmE	b2946	136	142	141
yiiS	b3922	342	411	427
yoaH	b1811	84	57	89
yfjF	b2618	127	136	89
adhP	b1478	26	48	26
dcuA	b4138	199	787	253
era	b2566	45	104	36
sgcQ	b4303	1	1	0
ybiV	b0822	135	95	76
yeiG	b2154	129	90	167
yfaY	b2249	128	184	91
yidQ	b3688	489	492	279
cpdA	b3032	170	201	214
frmB	b0355	52	234	44
gsiA	b0829	7	2	5
kdsC	b3198	203	375	190
lptF	b4261	73	129	79
lptG	b4262	89	158	70
mlaB	b3191	621	1126	600
paaY	b1400	7	13	11
phnP	b4092	51	6	9
ybhL	b0786	65	104	68
ycaK	b0901	45	16	28
yegH	b2063	22	26	18
purP	b3714	91	43	77
yheT	b3353	18	38	8
yieH	b3715	21	22	7
yrfG	b3399	62	148	43
ftsP	b3017	36	49	25
mlaF	b3195	69	89	53
psuG	b2165	7	87	41
ybbP	b0496	11	19	18
yojI	b2211	2	5	3
fecA	b4291	2	4	2
pspE	b1308	116	1550	285
fepB	b0592	77	34	69
fhuD	b0152	46	40	30
kch	b1250	55	77	48
kefC	b0047	2	4	4
tauA	b0365	5	2	6
yffB	b2471	13	143	6
yfgD	b2495	2244	2634	1649
yncD	b1451	6	41	2
znuC	b1858	22	58	6
ygaP	b2668	482	1128	450
yjbB	b4020	3	5	4
ynjE	b1757	17	14	25
nirD	b3366	10	29	4
hypE	b2730	16	18	12
yegD	b2069	22	48	5
hslV	b3932	467	1667	396
fliG	b1939	6	5	11
yifL	b4558	2754	3722	2686
cheW	b1887	5	19	7
tsr	b4355	0	1	0
flgE	b1076	40	52	39
fliM	b1945	1	24	7
amiA	b2435	76	107	80
blc	b4149	50	194	71
lpxD	b0179	85	157	95
mltA	b2813	24	38	16
murB	b3972	55	88	38
murD	b0088	81	115	69
pldA	b3821	21	37	18
arnB	b2253	15	13	18
mrcB	b0149	60	11	18
rfbC	b2038	252	635	222
rffA	b3791	79	151	58
waaA	b3633	31	54	37
nlpE	b0192	7	20	10
dcm	b1961	20	30	17
dnaG	b3066	6	14	10
recR	b0472	76	257	58
rep	b3778	7	11	6
dnaC	b4361	59	66	34
dnaE	b0184	3	28	4
dnaX	b0470	10	19	11
exoX	b1844	17	40	10
hda	b2496	11	7	12
insC	b0360	34	30	13
yqgF	b2949	70	136	62
ruvA	b1861	101	252	182
tatD	b4483	10	25	11
yjjV	b4378	21	21	14
dbpA	b1343	10	28	3
rppH	b2830	53	9	33
cspA	b3556	2375	7444	880
rnk	b0610	435	1521	572
trpR	b4393	167	135	163
ydcI	b1422	133	267	142
nfeR	b3071	85	140	64
yciT	b1284	82	104	78
asnC	b3743	114	116	52
dgoR	b4479	42	51	39
lsrR	b1512	45	15	8
slmA	b3641	152	233	98
sutR	b1434	15	9	8
yfhH	b2561	44	66	11
ytfH	b4212	20	62	18
dpiA	b0620	8	1	2
sohA	b3129	70	91	78
rpsR	b4202	25416	71308	22425
trmA	b3965	86	141	61
rimJ	b1066	172	184	97
rimL	b1427	74	65	97
rlmE	b3179	216	416	211
trmJ	b2532	258	423	136
truC	b2791	50	88	25
plsC	b3018	43	140	40
yhbT	b3157	6	75	33
srlD	b2705	4	358	2
ygfF	b2902	18	17	12
coaE	b0103	71	63	41
cobT	b1991	83	69	79
lplA	b4386	62	149	74
menC	b2261	17	76	9
panD	b0131	665	542	383
pdxY	b1636	85	289	36
ubiX	b2311	63	64	50
ubiF	b0662	31	46	26
cmoB	b1871	125	393	100
cysG	b3368	30	40	40
menD	b2264	2	19	1
moaD	b0784	1168	1241	719
nadR	b4390	16	15	18
rlmA	b1822	13	21	8
fucU	b2804	265	309	428
otsB	b1897	138	154	87
uxuB	b4323	20	182	40
chbB	b1738	505	1330	667
gsk	b0477	46	114	17
kbaZ	b3132	6	9	6
kduI	b2843	19	32	1
lsrK	b1511	6	22	9
mngB	b0732	2	2	0
treF	b3519	11	3	5
yicI	b3656	1	8	1
yihM	b3873	12	23	15
dcd	b2065	513	645	509
dut	b3640	3161	5755	2295
pyrE	b3642	22	18	6
ade	b3665	5	54	8
nudG	b1759	271	412	247
guaD	b2883	5	4	6
aroE	b3281	121	221	156
aroP	b0112	200	25	139
cycA	b4208	180	185	318
eutL	b2439	98	126	110
ldcC	b0186	6	10	7
tesA	b0494	168	120	196
ybdL	b0600	56	26	54
ybgK	b0712	10	15	22
gltL	b0652	82	65	99
livM	b3456	71	13	85
ydgD	b1598	15	23	11
pabA	b3360	152	128	106
oppB	b1244	46	344	30
rspB	b1580	1	2	9
yjeK	b4146	53	89	33
ftsX	b3462	34	59	30
yhdE	b3248	204	200	112
narJ	b1226	1	44	8
nuoA	b2288	437	1949	739
nuoH	b2282	133	526	152
atpB	b3738	1155	1881	2109
cydB	b0734	43	197	67
hybC	b2994	5	93	5
hycI	b2717	11	10	17
sad	b1525	17	16	26
xdhB	b2867	9	1	3
gnsB	b1550	1727	1966	1496
hycA	b2725	65	161	14
iraP	b0382	1894	3262	2853
psiF	b0384	41	37	23
rffC	b3790	29	31	10
sseB	b2522	436	683	254
yacC	b0122	66	87	43
yajI	b0412	192	141	45
ybfE	b0685	35	23	4
yciN	b1273	680	2099	787
ydjY	b1751	1	1	2
yebO	b1825	441	350	105
yebV	b1836	1369	768	1782
yebY	b1839	1393	1519	600
yffS	b2450	46	98	50
ygaC	b2671	33	38	17
yghW	b2998	1	1	2
yjeI	b4144	822	1709	1207
ylaC	b0458	145	1531	65
ymgD	b1171	4	11	0
ynfB	b1583	459	581	542
yodD	b1953	83	124	79
yggT	b2952	212	280	239
hexR		25	94	78
tusB		184	199	95
uppS		31	119	26
ycdB		10	3	1
yfdI		114	311	70
mdtK	b1663	8	16	11
amiD	b0867	54	58	47
tolR	b0738	174	216	106
yajC	b0407	5021	7451	5364
nfrA	b0568	0	1	0
baeS	b2078	9	15	16
bolA	b0435	279	744	230
cheY	b1882	28	20	21
kdpD	b0695	3	2	3
phoQ	b1129	12	32	15
atoC	b2220	2	12	5
mazE	b2783	30	44	13
rssB	b1235	13	5	14
basR	b4113	13	21	43
uhpA	b3669	39	62	37
yedQ	b1956	7	11	6
yhjK	b3529	3	4	3
creA	b4397	246	443	209
dedD	b2314	40	84	35
phnB	b4107	27	37	33
slyX	b3348	282	450	234
yafK	b0224	80	15	51
yaiE	b0391	1345	954	1772
ybjX	b0877	3	22	2
yccF	b0961	268	540	229
ycfS	b1113	20	25	42
ycgB	b1188	5	36	11
ydcH	b1426	1	44	6
yebG	b1848	296	832	210
yfcN	b2331	74	69	59
ygaM	b2672	501	531	680
yhjD	b3522	25	54	27
erpA	b0156	3607	3853	3460
lsrG	b1518	4	3	3
nanM	b4310	7	40	8
rraB	b4255	1939	1905	1617
sufA	b1684	395	343	217
yacL	b0119	171	252	95
ybaA	b0456	75	78	36
ybdF	b0579	177	53	52
yciU	b1248	140	137	82
ymbA	b0952	84	141	61
yqcC	b2792	137	352	88
yqjA	b3095	37	17	53
yqjE	b3099	12	25	20
ytfP	b4222	1078	1217	1161
yjiX	b4353	24	177	1
yqiB	b3033	14	38	14
yohN	b2107	444	883	437
ybeB	b0637	69	185	24
yaeB	b0195	65	98	62
ubiB	b3835	3	9	2
bioH	b3412	68	68	26
chaB	b1217	79	22	72
fhuF	b4367	1	1	6
pqqL	b1494	8	8	5
rimI	b4373	45	55	73
surE	b2744	161	215	148
ybjI	b0844	27	32	40
yceG	b1097	13	15	12
ycjX	b1321	31	56	34
yfbR	b2291	59	63	46
dmsD	b1591	149	163	79
dnaT	b4362	55	140	37
eptB	b3546	1	3	6
fadM	b0443	13	16	69
hflD	b1132	165	274	165
hiuH	b1970	379	54	446
iap	b2753	15	1	0
kefF	b0046	45	32	33
lhgO	b2660	10	18	12
maa	b0459	68	511	71
pqiB	b0951	1	1	1
rdoA	b3859	57	108	44
rfaY	b3625	4	18	7
rlmF	b0807	23	44	29
rssA	b1234	83	11	3
selU	b0503	11	10	28
ybcL	b0545	10	6	16
ybgC	b0736	193	242	99
ybiP	b0815	0	0	0
yddE	b1464	127	98	118
yddH	b1462	10	3	1
yeaE	b1781	30	43	27
ypeA	b2434	82	179	65
yheV	b4551	454	322	287
yjhC	b4280	10	154	18
ylbA	b0515	25	44	26
yobA	b1841	180	106	78
ybbL	b0490	70	162	37
yhcM	b3232	32	31	28
entH	b0597	18	7	14
mhpD	b0350	7	13	2
ybbA	b0495	30	45	45
eutM	b2457	14	64	17
yfdC	b2347	12	29	24
cutA	b4137	12	20	59
feoB	b3409	9	12	20
fes	b0585	5	2	2
focA	b0904	26	46	34
phnA	b4108	90	513	134
btuF	b0158	21	25	21
cyaY	b3807	198	178	95
cysW	b2423	39	9	42
ftnB	b1902	2	4	0
metI	b0198	602	349	362
nrfA	b4070	0	0	0
yoaE	b1816	47	28	79
fepC	b0588	12	6	15
yjcE	b4065	56	299	303
dsbB	b1185	36	94	29
hslJ	b1379	24	94	16
anmK	b1640	54	61	84
cysU	b2424	260	106	285
trxC	b2582	257	393	220
nrdH	b2673	33	6	4
qmcA	b0489	9	28	18
yedF	b1930	687	1024	2186
flgH	b1079	0	2	14
cheA	b1888	1	3	1
yfcR	b2335	104	83	43
alr	b4053	15	15	7
amiB	b4169	15	11	9
dacB	b3182	8	12	5
lnt	b0657	47	71	30
mraY	b0087	20	29	25
ompW	b1256	28	183	50
tolA	b0739	66	87	23
lolC	b1116	29	48	21
rseP	b0176	7	14	8
ybjS	b0868	16	24	9
ugd	b2028	10	4	5
yncA	b1448	76	17	56
relB	b1564	178	275	147
rnhA	b0214	24	36	12
rnhB	b0183	91	213	37
sbcC	b0397	7	10	13
uvrC	b1913	1	2	3
dam	b3387	74	12	10
dnaQ	b0215	15	35	13
holD	b4372	26	34	0
priA	b3935	3	4	2
rarA	b0892	5	15	5
recB	b2820	40	31	27
recD	b2819	0	1	0
recF	b3700	34	20	7
yrdD	b3283	3	3	3
recN	b2616	0	10	0
rnt	b1652	237	377	100
rsmD	b3465	50	75	39
vsr	b1960	13	9	13
nudB	b1865	9	34	6
glpR	b3423	75	145	90
cytR	b3934	9	22	6
ebgR	b3075	24	31	14
exuR	b3094	44	94	53
fliA	b1922	1	3	6
galS	b2151	0	0	0
gcvA	b2808	5	4	7
iclR	b4018	7	14	8
metR	b3828	45	38	28
rof	b0189	738	902	695
yafC	b0208	8	18	6
yiaJ	b3574	91	51	70
yieP	b3755	158	261	86
deoR	b0840	26	34	34
fucR	b2805	7	113	34
srlR	b2707	12	11	22
ydjF	b1770	23	68	21
csiR	b2664	6	0	5
frlR	b3375	11	29	19
nemR	b1649	3	22	4
nsrR	b4178	872	136	51
puuR	b1299	111	149	90
xylR	b3569	1	8	1
ydfH	b1540	96	154	54
pspF	b1303	22	17	15
yiaG	b3555	4	14	6
yjhU	b4295	7	15	10
ynfL	b1595	3	40	3
yqhC	b3010	56	1	0
yrbA	b3190	499	606	282
nagK	b1119	9	19	9
fis	b3261	3523	11961	1664
rnpA	b3704	130	310	94
rph	b3643	5	113	12
rpmH	b3703	14566	34664	9253
bamE	b2617	2725	2987	2415
hslR	b3400	17	67	81
kptA	b4331	2	0	1
poxA	b4155	35	259	23
rluF	b4022	16	11	5
rpmE	b3936	3	17	1
yhbY	b3180	281	620	338
yhhY	b3441	6	6	1
yjgH	b4248	15	5	2
aidB	b4187	3	10	5
idi	b2889	17	32	19
plsX	b1090	51	72	41
yohF	b2137	72	49	61
yegS	b2086	42	41	69
yihU	b3882	6	3	14
aas	b2836	6	12	7
bioD	b0778	4	11	4
hemE	b3997	31	10	12
hemH	b0475	19	61	9
nadD	b0639	40	67	27
pnuC	b0751	60	27	35
thiL	b0417	103	171	82
coaD	b3634	62	64	58
folK	b0142	214	379	168
queD	b2765	283	593	211
thiM	b2104	3	108	3
ubiH	b2907	63	114	49
mgsA	b0963	869	2254	1559
rpiB	b4090	35	74	40
srlE	b2703	0	185	0
uidA	b1617	1	6	1
dgoA	b4477	0	0	0
dgoK	b3693	12	5	7
fsaA	b0825	110	84	118
fucA	b2800	1	13	29
hyi	b0508	6	0	0
lsrA	b1513	0	1	0
malF	b4033	1	6	2
manY	b1818	110	139	119
mdfA	b0842	17	177	2
mglC	b2148	1	34	10
pgaB	b1023	2	1	4
rbsC	b3750	6	25	23
treB	b4240	15	293	22
shiA	b1981	34	5	16
ulaB	b4194	28	47	22
xylH	b3568	0	0	4
yhcH	b3221	129	1057	105
sgcA	b4302	9	38	13
dgt	b0160	2	3	3
tdk	b1238	92	145	51
mutT	b0099	4	1	1
yahJ	b0324	2	8	9
nudJ	b1134	46	31	31
csdA	b2810	12	25	4
gadA	b3517	25	28	12
gcvH	b2904	648	1085	513
glnK	b0450	58	3	16
ptrB	b1845	0	5	0
sdaA	b1814	4	90	2
tnaB	b3709	10	365	4
yaeR	b0187	136	109	132
pabB	b1812	36	45	18
ansB	b2957	5	64	3
eutC	b2440	12	13	19
hisQ	b2308	104	20	78
nikA	b3476	4	0	2
phnO	b4093	340	316	233
proW	b2678	30	1314	8
sapA	b1294	20	42	15
yejA	b2177	10	15	16
ygeY	b2872	10	8	8
pabC	b1096	28	11	13
yjhH	b4298	26	16	13
gsiC	b0831	72	30	66
oppC	b1245	96	439	84
yphC	b2545	2	1	2
yeiT	b2146	1	101	0
ftsL	b0083	59	74	39
ttcA	b1344	78	204	38
yafN	b0232	18	16	6
astD	b1746	5	10	5
betB	b0312	85	145	63
fdoI	b3892	0	27	0
fldB	b2895	690	908	273
glcD	b2979	33	97	23
glpC	b2243	0	40	4
gltP	b4077	7	7	1
mioC	b3742	4170	3852	3315
yqcA	b2790	157	277	134
appC	b0978	1	4	0
cyoC	b0430	18	58	30
glcA	b2975	1	9	7
glcF	b4467	0	3	4
hyaA	b0972	0	2	1
hycE	b2721	1	0	2
napA	b2206	1	9	3
rsxC	b1629	10	20	8
rsxG	b1631	90	123	82
sdhC	b0721	860	4323	1053
sdhD	b0722	29	188	30
asr	b1597	0	1	0
barA	b2786	2	4	3
bcsG	b3538	42	38	73
bhsA	b1112	156	363	406
borD	b0557	2525	7107	2192
cedA	b1731	80	235	51
cnu	b1625	46	195	35
dinD	b3645	0	0	0
fimH	b4320	17	22	29
gnsA	b4517	1269	2931	1005
hdeA	b3510	2099	3861	3012
hybE	b2992	110	121	37
pspB	b1305	318	223	248
sra	b1480	3458	1400	5474
yajD	b0410	103	122	187
ybcH	b0567	5	5	3
ybgS	b0753	338	646	238
yciX	b4523	105	78	71
yciZ	b4596	14	11	8
ydfZ	b1541	18	13	12
ydiH	b1685	569	271	200
ydiZ	b1724	125	15	92
yecH	b1906	3	3	4
yfaZ	b2250	3	2	3
ygdI	b2809	1446	586	1753
yhcN	b3238	35	84	64
yhfG	b3362	25	30	16
yhhM	b3467	60	76	49
yibT	b4554	642	559	446
yjjA	b4360	211	400	224
ynbE	b1382	83	104	87
ynjH	b1760	139	354	115
ypfM	b4606	2	1	9
yrdB	b3280	302	281	139
yciG	b1259	64	69	71
addB		13	22	11
yeiU		17	55	4
glsA		5	9	0
hemK		2	40	5
ilvG		52	44	35
		19	20	18
tusD		25	14	20
tusE		482	797	387
wecF		5	14	7
wecG		30	58	19
yfhA		9	36	8
zntB		9	30	17
acrD	b2470	1	0	2
ampE	b0111	4	10	4
mdtB	b2075	0	0	1
mdtF	b3514	0	1	0
zraP	b4002	2	1	0
chpB	b4225	72	46	84
rseA	b2572	44	60	66
rstB	b1609	6	4	8
sixA	b2340	61	49	37
ybiI	b0803	3	4	4
yehU	b2126	0	1	1
chpS	b4224	9	1	2
rcsC	b2218	1	3	1
rtn	b2176	1	0	0
creB	b4398	8	10	6
phoB	b0399	7	9	16
ydaM	b1341	3	17	14
ydeH	b1535	1	1	1
yeaJ	b1786	1	2	1
yeaP	b1794	3	6	2
yfeA	b2395	1	3	1
yijO	b3954	2	14	3
csgD	b1040	0	0	0
rbn	b3886	7	10	7
yacG	b0101	95	255	84
yaeQ	b0190	2	7	2
yaiI	b0387	49	54	34
yaiL	b0354	88	158	52
ybdD	b4512	1	7	10
ybgA	b0707	0	0	0
ybhK	b0780	4	7	4
ybjQ	b0866	87	128	110
ycaP	b0906	4	2	13
ychJ	b1233	7	6	5
yciS	b1279	58	39	166
ycjF	b1322	19	34	30
ydbL	b1383	9	16	7
yeaC	b1777	79	227	71
yecE	b1868	0	1	1
yedK	b1931	2	4	1
yejL	b2187	299	501	227
yfiH	b2593	22	30	10
yggU	b2953	46	56	22
yheU	b3354	0	0	0
yigA	b3810	10	12	10
ecnB	b4411	35719	7923	40794
hicB	b1438	189	7	118
hspQ	b0966	15	5	0
lptC	b3199	58	89	58
matP	b0956	52	43	69
mnmC	b2324	7	12	3
paaC	b1390	1	2	1
plsY	b3059	0	0	7
rmuC	b3832	1	7	2
ybdZ	b4511	106	33	37
ycfJ	b1110	52	7	7
ykgG	b0308	2	68	1
yhaM	b4470	7	34	10
yhdP	b4472	1	3	1
yjdI	b4126	104	30	44
yodC	b1957	22	4	28
ypeB	b4546	40	78	28
ytfN	b4221	3	9	2
yjgB	b4269	1	0	1
ybbO	b0493	39	63	36
yjcD	b4064	81	116	55
elaA	b2267	139	159	101
fxsA	b4140	1	42	6
mazG	b2781	2	4	2
wbbJ	b2033	41	165	71
ybaQ	b0483	40	15	40
ybeY	b0659	14	35	5
ybhP	b0790	9	2	9
ybjL	b0847	0	0	0
yddM	b1477	70	126	59
yedY	b1971	20	4	26
yeeE	b2013	3	13	7
yidE	b3685	1	1	2
cvpA	b2313	8	11	12
pptA	b1461	258	117	198
sufE	b1679	5	1	7
ybgL	b0713	0	8	7
yedJ	b1962	2	4	0
yjfP	b4190	159	362	142
yjjG	b4374	66	67	33
ypfH	b2473	51	39	40
yqiA	b3031	23	62	37
yraQ	b3151	10	4	9
ytfL	b4218	12	22	7
yfiC	b2575	29	71	18
ygjP	b3085	1	0	0
yjjU	b4377	4	6	2
ynjB	b1754	17	14	13
yoaF	b1793	6	1	4
zinT	b1973	27	6	2
pncA	b1768	34	61	42
paaB	b1389	0	119	0
tauD	b0368	2	1	0
amtB	b0451	53	1	2
apaG	b0050	13	17	14
chaA	b1216	43	59	31
feoA	b3408	0	3	0
glpE	b3425	13	37	15
nhaB	b1186	0	0	0
arsC	b3503	2	2	15
cvrA	b1191	2	5	4
ydiE	b1705	1	1	1
yeaR	b1797	2	7	3
fecR	b4292	3	1	3
djlA	b0055	1	0	38
grxA	b0849	142	165	28
clpB	b2592	0	1	0
yfcG	b2302	20	35	26
yeeD	b2012	3407	3135	4407
trg	b1421	0	0	0
fliF	b1938	0	1	0
fliJ	b1942	15	33	10
cheZ	b1881	2	0	0
fimC	b4316	0	8	0
amiC	b2817	0	1	0
lgt	b2828	7	9	4
lpxK	b0915	14	17	7
mepA	b2328	7	8	2
mltB	b2701	33	22	23
mltC	b2963	0	1	1
mrdA	b0635	7	14	6
pbpG	b2134	0	0	0
rfaL	b3622	8	2	4
yfiB	b2605	4	3	2
ygeA	b2840	4	6	45
ygeR	b2865	2	5	2
csgG	b1037	27	6	8
emtA	b1193	170	183	118
frlB	b3371	1	10	2
lolE	b1118	2	6	3
mtgA	b3208	0	0	1
ynaI	b1330	2	4	2
ybjT	b0869	2	45	1
yraR	b3152	8	9	8
rspA	b1581	1	3	1
waaU	b3623	3	16	4
wzc	b2060	0	2	0
ydhO	b1655	0	0	0
ydiY	b1722	2	43	4
gudD	b2787	1	2	1
holB	b1099	15	20	9
intF	b0281	0	4	2
mutM	b3635	3	21	0
mutY	b2961	3	6	2
nei	b0714	0	0	0
nfi	b3998	8	7	11
nth	b1633	11	22	8
priB	b4201	9	1	9
priC	b0467	16	20	16
recC	b2822	1	1	1
sbcB	b2011	0	0	2
sbcD	b0398	11	14	2
topB	b1763	0	2	1
xerC	b3811	16	16	15
xerD	b2894	10	29	8
ybjD	b0876	0	0	0
alkB	b2212	13	5	5
holC	b4259	4	14	1
ygbT	b2755	2	5	2
recG	b3652	3	7	2
ybaV	b0442	41	20	14
comR	b1111	2	1	1
acrR	b0464	21	40	18
argR	b3237	648	931	537
cbl	b1987	43	18	9
dicA	b1570	20	25	12
rfaH	b3842	56	78	36
rpiR	b4089	58	40	22
soxR	b4063	1	5	0
treR	b4241	5	1	5
uxuR	b4324	8	11	10
bluR	b1162	2	2	2
ycjW	b1320	29	48	30
yhaJ	b3105	5	5	6
cspB	b1557	2	3	2
cspG	b0990	46	105	26
cueR	b0487	49	103	47
feaR	b1384	4	3	0
feoC	b3410	4	22	10
greB	b3406	1	1	1
ilvY	b3773	8	42	4
lacI	b0345	23	5	10
mqsA	b3021	34	181	34
murR	b2427	5	14	0
sdiA	b1916	8	112	7
yhcO	b3239	35	32	51
yjgJ	b4251	124	714	51
flgM	b1071	16	25	47
dcuR	b4124	1	5	5
btsR	b2125	2	20	10
pyrR	b2381	15	19	15
yihL	b3872	6	2	0
ulaR	b4191	31	55	30
ygbI	b2735	2	6	3
cohE	b1145	5	6	4
ygeV	b2869	0	21	1
dtd	b3887	7	9	6
rmf	b0953	117	16	120
rnd	b1804	2	0	8
rpmI	b1717	86	113	144
rpmJ	b3299	151	13630	1352
arnA	b2255	6	6	10
dusB	b3260	22	22	14
dusC	b2140	0	0	0
rlmG	b3084	0	12	3
yciH	b1282	102	107	81
rsmF	b1835	42	68	49
rumB	b0859	4	24	0
trmL	b3606	40	63	26
rumA	b2785	2	4	1
acpS	b2563	46	83	37
cdsA	b0175	44	81	40
paaJ	b1397	18	35	12
yciA	b1253	67	73	47
sbmA	b0377	4	4	6
folM	b1606	39	39	45
btuR	b1270	165	545	393
folB	b3058	18	276	162
hemA	b1210	6	23	4
hemD	b3804	12	18	13
ispA	b0421	11	19	6
ispB	b3187	82	99	59
lipB	b0630	2	19	10
mobA	b3857	22	19	23
mobB	b3856	12	17	7
paaK	b1398	0	5	0
yggW	b2955	1	2	1
cobU	b1993	30	20	28
menF	b2265	3	7	2
smtA	b0921	11	22	9
thiB	b0068	18	82	27
yliI	b0837	1	0	3
gntK	b3437	16	19	13
malZ	b0403	1	1	1
uhpT	b3666	1	1	0
uxaB	b1521	2	31	4
agaV	b3133	18	61	47
chbA	b1736	1	29	12
garL	b3126	3	241	11
nadK	b2615	19	23	11
sgbH	b3581	46	22	22
sgcB	b4565	147	512	137
yciM	b1280	14	18	15
yeiQ	b2172	0	4	1
ygbM	b2739	7	5	2
ytfR	b4485	0	2	2
cyaA	b3806	3	0	2
gadB	b1493	7	13	3
mhpE	b0352	13	14	9
pheP	b0576	91	16	7
ybgJ	b0711	131	174	126
yifK	b3795	7	5	4
yqeG	b2845	0	0	0
allC	b0516	0	0	1
dtpA	b1634	0	3	0
mpaA	b1326	9	15	34
potC	b1124	30	90	31
yecS	b1918	132	44	111
ygeW	b2870	5	4	3
yjiM	b4335	0	0	0
dppB	b3543	15	5	45
dppC	b3542	49	36	83
nikC	b3478	5	6	2
aegA	b2468	5	0	0
yjgM	b4256	128	82	88
yciB	b1254	4	6	4
yefM	b2017	81	88	49
ftsB	b2748	28	24	18
tilS	b0188	1	4	6
fdhD	b3895	1	2	1
narH	b1225	0	4	0
narI	b1227	0	0	0
nuoK	b2279	229	384	501
nuoM	b2277	10	66	13
nuoN	b2276	20	133	70
paaE	b1392	0	15	0
ykgE	b0306	0	51	0
atpE	b3737	286	565	376
cyoD	b0429	136	324	33
glcE	b4468	0	3	0
hybD	b2993	15	39	1
tdcE	b3114	30	6	1
xdhC	b2868	2	8	13
ydeP	b1501	6	2	2
ygiQ	b4469	0	9	0
ynfF	b1588	0	0	0
nuoL	b2278	2	10	2
chiA	b3338	3	9	4
dinI	b1061	113	226	53
flxA	b1566	7	0	2
nudI	b2251	21	83	4
nudL	b1813	10	9	8
osmB	b1283	4074	973	2310
pmrD	b2259	4	36	5
racR	b1356	166	108	66
syd	b2793	77	157	61
yahG	b0321	1	1	2
yaiW	b0378	1	1	3
ybiJ	b0802	75	5	32
ybjN	b0853	111	333	56
ycgJ	b1177	22	30	15
ychH	b1205	0	8	8
yciC	b1255	10	20	14
ydeQ	b1502	4	2	6
ydhZ	b1675	74	89	45
yecF	b1915	259	1184	145
yfeC	b2398	12	180	18
yfeD	b2399	15	74	22
yfeY	b2432	56	42	46
yfgJ	b2510	6	11	46
yfhG	b2555	10	9	7
ygdR	b2833	4	0	87
yhaV	b3130	8	10	5
yhhK	b3459	8	87	6
yicS	b4555	0	0	0
yiiQ	b3920	12	23	7
yjbD	b4023	192	162	123
yjfN	b4188	4	52	0
ymdF	b4518	17	6	6
ymgA	b1165	0	0	0
ymgG	b1172	0	0	0
ynfD	b1586	1	7	1
yoaC	b1810	7	29	15
yqjK	b3100	0	0	0
yrbL	b3207	12	46	8
xylE	b4031	1	2	0
tatE	b0627	45	46	33
yhiQ	b3497	35	83	33
cgtA		116	185	199
gatR		1	7	2
yfdH		4	5	1
cas1		16	29	32
htrB		0	12	1
Mett		29	48	23
rmlA		27	57	25
tusA		274	369	256
tusC		21	23	16
wbbL		3	26	3
wecA		1	0	4
ydfW		171	2	49
ygdG		3	6	2
ygfJ		44	18	10