operon,mean,std,std_linear,n_rep
C0299,,,,0
aaeR,7.397406554486242,0.33856830781356473,738.1430222200902,12
abpAB,7.028223091743801,0.32096324818120564,301.6063612878511,8
abrB,7.355101978748454,0.19303415919049066,341.9693803262128,12
accBC,8.489089167636234,0.2151627855779987,937.3236413545753,5
ackA-pta,7.668197059035718,0.17933700806020575,363.94094932823674,9
acnB,9.796286677308204,0.12940336290635546,2312.012146427261,9
acpH,7.062258731895651,0.13212113313608462,162.43864646131723,12
ada-alkB,7.4966234255915145,0.26094334201046376,544.7638806872454,11
add,7.242339674712907,0.15868004834504595,217.82267753192272,9
adeP,7.932446890019694,0.2678822383190694,947.9140204186195,11
adhE,9.389243408833561,0.21443926659575632,2503.021450060001,8
adiA,7.846942859217134,0.13949709774008381,370.69630980735803,11
adiC,,,,0
aegA,6.5880579353412,0.7095160212037693,1490.3955263128498,12
aer,6.4403560258210755,0.32540728896590154,292.31300344401035,12
aes,6.534216477195698,0.507209683835453,615.0113131890586,11
agaR,7.878100304885732,0.10283121735822146,273.13946892207167,11
ahpCF,8.725222539943886,0.848793029426072,3741.2241026545216,6
aidB,,,,0
ais,6.423165062721764,0.43991982340371105,413.4903054917992,11
alaC,7.61892102428894,0.17135081210284953,344.49323993588234,5
alaS,8.366697266066817,0.12497790634126074,485.34867366797056,10
aldA,8.460789501915402,0.19834059507503418,951.5073078368179,9
allA,6.444214190597472,0.8201164069657634,799.1272417861053,7
allDCE,6.394945680902401,0.45564696468343036,360.5619223882467,11
allR,7.94042603367977,0.16469090220057545,495.3050932697372,11
allS,6.320040677026173,0.3572734566902911,284.3906631344916,8
alpA,,,,0
alsRBACE,7.547996455025897,0.2907657473074614,545.6985179274851,9
amiA-hemF,8.035747720544588,0.26059107939434606,661.921559202441,11
amiC,7.836998094693981,0.5081884008201759,2197.3495521161803,12
amn,8.094277401619795,0.22493733825676263,791.9997350723852,10
ampDE,7.342338135301296,0.10481327445643134,153.3175875607504,12
ampH,7.470089586648271,0.19756272336923736,372.77597287731777,12
amyA,7.420715315070397,0.15706059829075358,243.92746030293463,12
anmK,6.793378991360713,0.20351288221288255,204.40248179407334,10
ansA-pncA,7.401706257222817,0.08443042478408545,133.29480435788187,12
ansB,6.166181702127783,0.29719237726148595,154.54005327622554,12
aphA,,,,0
appCBXA,6.8777229736878605,0.35330572274475325,297.09288772376453,12
appY,,,,0
apt,8.574136274255762,0.10408051618740413,514.1379947993249,12
araBAD,6.103235925149251,0.470834878508311,223.86506241987874,10
araC,7.679185250939037,0.09028359893099112,193.12371454406195,11
araE-ygeA,6.48746846658731,0.46882224672471323,332.07895606651965,11
araJ,7.477267973444992,0.27240724430066326,609.0038527448875,12
arcA,,,,0
arcB,7.43522574022424,0.10639787391881912,194.4266736880191,12
argA,9.315596468314371,0.152335730630031,1865.9255252233747,9
argCBH,9.173652154138663,0.1663444524729388,1506.2172761530414,11
argD,8.606646656681034,0.1411915328286408,883.2496632240808,11
argE,7.592823925677269,0.1959981095292242,460.55856991352425,12
argF,8.012163990162618,0.1485301370515995,451.18601871279225,11
argG,7.741019119612122,0.1342026175430719,329.71722824876775,12
argI,8.561835537312204,0.10383262182139556,546.2852952763794,10
argP,7.778240722480619,0.07416983597845123,176.50149336960195,11
argU,,,,0
argW,8.883322597144977,0.14409961998860762,959.1502767804852,9
arnBCADTEF,6.93370020103925,0.38381653675351884,580.9805118134525,12
aroF-tyrA,8.962265977882371,0.3252937354060794,2387.9566235575703,11
aroH,8.999063541731175,0.15303531884889382,1120.7733028623277,10
aroL-yaiA-aroM,8.486722048057079,0.16848993260935485,828.3767039506167,10
aroP,8.655541062461554,0.1126114876559879,671.4006215453713,9
arpA,6.724273292872711,0.6969484361530652,1044.3843438463205,9
artPIQM,8.38114744656555,0.1436128052650119,655.5268789624542,10
ascG,7.612643367065818,0.08853124686630615,180.22956390140916,12
asd,,,,0
asnA,7.523784878736827,0.3140927663779057,887.1743806785016,12
asnC-mioC-mnmG-rsmG,6.916383598760021,0.22507457660024838,250.18805571042438,12
asnS,9.129588721944263,0.07168553720230261,680.6312555349593,8
asnT,,,,0
asnU,,,,0
asnV,6.646656773912782,0.7011632592871949,908.6807188261606,6
asnW,,,,0
aspA-dcuA,6.644889714202754,0.1975508172889743,169.58621990801083,9
aspC,8.948591261057597,0.19253937400571905,1539.6140585619416,10
aspT,,,,0
aspU,6.688699435437536,0.4132831087553998,286.7545666242596,10
aspV,,,,0
asr,6.217246474491589,0.4512355655650126,352.5462239350433,12
astCADBE,6.75120919183751,0.2905864420749709,328.5974604942225,11
atoSC,8.286156929762102,0.147834168365732,626.7177646891092,11
atpIBEFHAGDC,9.361720813191946,0.11111891138988779,1312.902722383969,7
bacA,6.945589151989915,0.12335483052397249,128.76750224811076,11
bamA-skp-lpxD-fabZ-lpxAB-rnhB-dnaE,6.850486641411482,0.23640344609917494,266.37200100412525,12
bamD,8.588023311760566,0.09797942216450568,545.5974883445297,11
barA,7.295525572488941,0.17855391878577972,273.02437813504855,12
bax,8.615004349199783,0.2434709380719221,1389.7639290224427,3
bcsEFG,7.655321780418447,0.17149053885172105,434.02188052392023,12
betT,8.33048819259889,0.1324097922475433,568.2559391084702,11
bfd-bfr,9.281731559614338,0.2693318593306981,2668.759831692947,10
bglA,7.284236178055559,0.32943428252510454,585.6728055356091,11
bhsA,8.064690072902192,0.260732975781144,848.1318229168772,10
bioBFCD,8.819372956083033,0.15686964850076685,1023.5841606476104,10
bioH,,,,0
bisC,7.455441711881495,0.12358626196113148,216.5213154897175,12
blc,7.261763409022696,0.3260063376281345,511.243259517413,10
bluF,7.174810949473944,0.4068553342829875,453.58856364868035,12
bluR,8.12421656069787,0.13762480809830493,443.22033696195535,11
bolA,8.167127378709324,0.16097950368084957,558.1473044835064,12
brnQ-proY,8.24907624312261,0.2384051833493149,1117.8124500874505,10
bssS,7.985806587248873,0.45733142155540113,1127.9513033889236,12
btsT,6.363458270686945,0.4811186068627611,428.18783391807676,10
btuB-murI,7.478909122727644,0.2681713553798875,429.99146657498096,12
btuCED,6.971705719928661,0.5078910304923953,772.5290771859623,11
cadBA,6.481521607316076,0.3410364294946287,289.6289274593056,11
can,9.785182412502841,0.0948475479252631,1602.2796285526535,12
cas3,,,,0
cbpAM,,,,0
cbrA,7.39858484296672,0.2676414898785739,428.5059106765534,10
cdaR,6.361242953870217,0.3390747285675976,207.62876780033156,11
cdd,7.804646631637346,0.1543110279952223,398.13800582245995,11
cecR-ybhGFSR,8.631543212456913,0.1253132484607995,717.9147248432081,9
cfa,9.432597562932106,0.18500318230615287,2178.5630633814962,11
chaBC,,,,0
chiA,6.8902719571625894,0.731434480713095,799.5096527402765,8
cirA,9.405936289660177,0.8777480742187798,10875.812129052483,6
citT,6.87483356796794,0.25052793337152457,240.38040867739338,12
clcA,,,,0
clpB,8.702116963397783,0.07198396271165995,429.54795520546634,11
clpPX-lon,9.416050952449957,0.07096567371335515,927.5885130486838,9
clpS,7.122600972207806,0.18101810168995902,190.13580483069774,9
clsA-yciU,8.434692319430596,0.1570491086188575,767.8203365433493,9
cmoM-mukFEB,7.465768655173432,0.42174095246937376,649.4487675468113,11
cnu,,,,0
coaE-zapD-yacG,7.582088697830453,0.18078605141305604,408.7242709314273,12
cobUST,7.564905425137226,0.16117442527428374,315.7885279240999,10
codBA,9.274453312778562,0.10086436010918935,1025.8327078318025,8
comR,8.221448507602505,0.151521830279742,567.9639654103115,9
corA,8.583589653110748,0.14854435996449952,816.189579872016,6
cpdB,6.90745400738253,0.12129499884033566,128.5700035534435,12
crcB,7.33831578269034,0.12786061936630103,209.12305863707417,12
creABCD,7.289171655776194,0.2024192015541648,310.6959027671075,12
crl_1,9.425376104739806,0.6011054429199932,4384.109150777784,10
crp,9.221650098580891,0.4716160868848058,3543.807794969095,9
csdAE,7.408499913779091,0.46375245230538276,831.3269214068043,11
csiE,7.124374480042256,0.32077854911807446,342.61573636636825,12
cspA,8.88419326750385,1.42306740051551,9685.587027620133,4
cspB,,,,0
cspD,9.091071294018302,0.18016581392390024,1565.3450910392964,10
cspG,6.45207489634357,0.2914623829552703,212.39626718109727,9
cspI,6.738127186108461,0.25022058246151613,250.384674019609,9
csrD,7.5417836381555965,0.16081876271788942,348.5672677849224,12
cueO,7.159485699476084,0.13979248320876986,160.29113489738248,11
cueR,7.479415727006447,0.1282921090287473,243.22800764722456,12
curA,7.020759483891962,0.4951921019986335,842.543320561289,11
cusCFBA,6.371311148093141,0.37896594293673447,316.40758494089624,12
cusRS,7.500905581163522,0.22605692451981077,331.4317522398845,11
cutA,7.363544652308495,0.2422502937994929,351.7979892821536,10
cyaA,9.125269998108116,0.09383723853846812,843.999516606381,11
cybC,6.839873466048364,0.5242335551293807,725.5791550059097,10
cydDC,7.49066101377306,0.1760916359529955,330.06780869590335,11
cydX-ybgE,6.755898729168369,0.7119145202486402,1107.1239807923716,12
cynR,7.082020881680634,0.5013582112641221,1289.800612165316,12
cynTSX,7.117924668314973,0.26085381995660056,440.13520846801805,12
cyoABCDE,8.50337854475344,0.16859848513008582,796.7087653104039,8
cysB,8.498158704190848,0.20763036544948382,978.7105664732508,12
cysDNC,9.085869957045055,0.07089801023475821,588.6406105608902,8
cysJIH,8.755380818775466,0.17241218126579538,993.0562303916923,12
cysK,9.905331399876564,0.09184937106883244,1885.365573252684,10
cysPUWAM,9.706633238384626,0.0828185864310958,1356.9138860225864,9
cysQ,7.7046677382211115,0.10298108743460618,235.8721702523464,10
cysS,7.91175626104129,0.2599848318148575,667.2659163521766,12
cysZ,7.189784894409793,0.22574692959619483,321.58331224231875,12
cytR,7.7230856724914405,0.35191062556100716,569.6486059933343,9
dacA,7.722318306767906,0.1569515157611625,378.0623358025378,12
dacB,7.744778056953101,0.15305452331033007,382.22654663516437,9
dacD,,,,0
dapA-bamC,9.012146056109895,0.1689157876084807,1348.6671141137865,8
dauA,6.41104962889442,0.2625255946277817,189.92946132232586,11
dcm-vsr,7.593106998280992,0.16217184755176095,329.6685587305655,12
dcp,7.4944601775045125,0.10854440097211292,195.21522254173883,11
dctA,7.33439042536401,0.11572927293245562,179.88501421729214,9
dcuSR,7.239340650535965,0.20300472267608097,306.4919324764699,10
ddlA,7.342192792313623,0.8433686771302646,3302.08347294352,9
decR,7.41663853921457,0.11695472201422405,187.6903719349121,9
def-fmt,8.282641299892214,0.13596319700229387,518.1859305328164,3
degP,7.167296108498808,0.9620505250446899,780.1738110209359,8
degQS,7.231309569721031,0.2304984280751379,291.11116206308697,12
deoCABD,7.937770377686571,0.10478599588841853,276.2306941978781,12
deoR,7.871947735244629,0.11870994299671289,320.53757281883037,12
dgcC,6.087921054915025,0.24719917622207052,125.390078614793,11
dgcE,,,,0
dgcF,7.141359030228745,0.27038214362727186,258.4451695676193,11
dgcQ,8.088486008578883,0.13736930346373588,474.24699439715016,11
dgkA,6.59491235891635,0.388789225882549,467.615876482205,11
dgoRKADT,6.67436218103912,0.384645786579067,408.66010789600085,11
dgt,7.333483266677364,0.5802334339743924,1688.487507844977,9
dhaR,7.7719208517116245,0.16572329935551094,388.72983783908666,12
dicB-ydfDE-insD-7-intQ,,,,0
dicF,,,,0
dinB-yafNOP,6.96723124520876,0.22839056603795216,299.1507928603451,11
dinG-ybiB,7.060182061875802,0.121502696473466,154.74763397863458,9
dinI,,,,0
dinJ-yafQ,8.511886579954613,1.857294222579133,3143.2638474057326,9
dkgB,6.888855303511673,0.5436532355883923,938.2482517348174,11
dmlA,6.564943628256358,0.39396146165598195,315.1703543348737,12
dmlR,7.665179541219886,0.15157630746999154,351.7403573867289,12
dmsABC,9.132603603885354,0.4897940168013084,3317.6060059370507,7
dnaK-tpke11-dnaJ,9.259890952433631,0.10626680970780614,1099.787986091997,12
dnaQ,7.966415547392559,0.22470423446039597,582.6867878463642,10
dnaX,7.947540915511974,0.1434686227917244,380.1281259283367,10
dpiBA,5.9967675981695345,0.37341952141149154,160.39055551818018,3
dppABCDF,7.9744930067406905,,,1
dps,8.182361440502648,0.2398915664709548,785.8087033391072,12
dsbG,7.20153086713978,0.1556949026604981,233.2209834439604,10
dsdC,6.971829432666038,0.3178336702120731,450.79448737554117,12
dsdXA,6.350961278550698,0.13359168019283152,78.18510089004918,10
dsrA,9.184898694917434,0.11717161959339062,1150.4961546604325,12
dtpA,6.6430312566124705,0.3534919691138423,348.33089237306257,6
dtpB,6.918390568574391,0.3291086939137198,468.62781594732553,10
dtpD,6.856888181661861,0.37245311180887264,389.56767489164525,11
dusA,7.367586829855774,0.07424517122664478,115.55008261951293,11
dusB-fis,8.395436118257077,1.2517374091357663,3057.0711001253467,10
dusC,7.330917147374767,0.3811721078024023,667.6781088407456,12
dxr,6.116999430340733,0.31781155437848413,148.16682915550538,11
eco,6.4223857139669835,0.463858096013788,523.3794092428171,10
ecpA,6.422975303336068,0.31509179127905484,211.66616108144999,11
ecpBCDE,6.586608423747418,0.2634693200198397,212.06141550219905,9
efeOB,6.308002445864663,0.6836705301338063,957.1599309350339,12
efeU_1U_2,9.599234110029712,0.10524499427560241,1497.7386235402705,4
efp,8.203039704643366,0.25775924731539374,978.3967895084833,11
elaA,7.858297994817957,0.2678321344216869,536.9712237778085,12
elaB,8.348551014951198,0.3703152150810587,1433.3357745903054,5
elaD,6.628895665119097,0.22743993676805752,174.85453866286073,12
elfDCG-ycbUVF,6.315748247253472,0.5012609823722389,416.6810184889568,11
elyC,6.771487054472295,0.3002878932838339,377.32314443673107,9
entCEBAH,9.136655422017979,0.7271585416951074,5993.153638612815,12
entS,7.808173775691785,0.3845398394246532,1130.408323239054,9
envY-ompT,6.8963764041002396,0.10570977779805563,102.72200785898843,9
eptA,6.433445097293151,0.41014101565122396,347.6897992071939,12
erpA,9.498400008456525,0.05077381629411374,675.0373995525174,10
ettA,8.00732787791736,0.2685362327050293,684.4577884750637,10
eutBCLKR,7.262617921912781,0.16064160129098437,214.17428601004983,12
eutNEJG,6.3762598615840735,0.5827910973789465,573.2629588381252,12
eutSPQTDM,6.502819338121608,0.6160357330685361,655.9283538261047,11
evgAS,,,,0
exbBD,9.110091901749394,0.1151001707769539,1027.3509526258626,8
exuR,,,,0
fabR-yijD,8.005358750657269,0.15795632417917682,488.51662215520315,10
fadBA,6.744311991816053,0.3062036966679747,280.422860353752,11
fadE,7.410901475388573,0.194397240591465,371.1003334033111,12
fadIJ,6.816452474878542,0.11784287768211536,107.89894274913978,12
fadL,7.621090112724776,0.12272336364997063,235.96300033553084,12
fdhD,7.1031716755010175,0.11302560078420196,148.60492899086475,12
fdhF,6.785488025232243,0.4973340556311684,526.6614255103856,9
fdnGHI,6.67181895644257,0.46418476022319105,435.72128637354194,11
fdoGHI-fdhE,8.476199741515918,0.07908558018370818,390.16098936338415,10
fdrA-ylbEF-ybcF,6.630498474607863,0.6806745052908488,650.8061731228455,7
feaB,6.834960938273755,0.15979409350325174,139.8426637653565,11
feaR,7.105357921466581,0.819641127103802,2281.2890278029245,11
fecABCDE,7.224688329371444,0.3731191680437358,645.770991717228,10
fepA-entD,8.51844922435034,0.5957538021935865,2612.97326455535,12
fepB,8.008889317101966,0.39305010546654673,1132.1669541449144,12
fepDGC,8.042956196096645,0.1854812805629387,536.5651408614544,9
fes-ybdZ-entF-fepE,8.884760895273596,0.736858964765458,4851.089631895335,12
fetAB,7.019704831187962,0.3302291765073729,345.8313463010263,12
ffh,8.11211025783673,0.33197107656485136,977.3652624130748,10
ffs,,,,0
fhuACDB,8.964989452403652,0.22271071842140125,1710.925210169948,12
fhuF,10.49497536187527,0.33383630858075103,12481.984633961712,8
fieF,7.104000176714223,0.21287469632492978,217.7594780085894,12
fiu,7.615984748650205,0.5512428346047751,1084.2352939849518,12
fkpA,7.859550649951354,0.10761684018734201,294.27010903825544,10
fldA-uof-fur,8.808704967380203,0.10871994844119486,716.614733664153,11
fldB,7.676150529041725,0.12607110144750736,275.8205808205784,9
flgAMN,6.374020565380058,0.08601793472530152,51.205420866593364,12
flgBCDEFGHIJ,6.218997710392094,0.4464691253982222,313.6202118081858,12
fliAZ-tcyJ,6.0904742220893455,0.34686459705011163,143.85668028803764,12
fliC,6.097666963762328,0.1722074999175624,80.5587207923968,12
fliE,6.935797217308182,0.40437499318537706,379.90863585264844,12
fliFGHIJK,6.114987061749068,0.3497152566330933,162.41224231697348,12
fliLMNOPQR,6.674247514126328,0.5276935475333552,488.7388660012928,12
flk,7.51297524949675,0.26271696489274826,579.2802556156466,12
focA-pflB,8.098114896503422,0.15381915889888406,551.7233942368749,10
folA,8.093207201635117,0.44959326757168205,1273.3901088487878,11
folB,7.155848935623558,0.1841681602711458,239.93670959142509,10
folC-dedD,6.341292539150914,0.3124011031120938,195.76423487804092,11
folD-ybcJ,7.5372096595611815,0.15090985066236753,279.18714282721766,12
folE-yeiB,9.278562272993705,0.26945828938635263,2414.168021799707,12
fpr,7.568795865746952,0.1308703258704048,232.84321252616772,11
frdABCD,6.98498955468679,0.1674869720624252,184.81286012721304,11
frlABCDR,7.075815004104069,0.15934566913039266,176.66022085621367,11
frmRAB,7.267806298542226,0.19815628501444235,308.6864787062092,11
frr,8.655569850281529,0.11805224460271985,647.8477155912312,12
fruBKA,7.689656859100626,0.20637779678184853,477.42217849350186,6
fryBC-ypdFE-fryA,8.139083263859758,0.08917012711647841,291.8381091062026,9
fsaA,6.636994025543401,0.22478427256305789,207.72699497533543,12
fsr,6.672362681650505,0.1914306160495913,147.28936692507875,12
ftp,6.896973875835868,0.16617531301468352,176.51114738441458,12
ftsK,8.223954959218997,0.48103533363019235,2498.760327301865,9
ftsP,6.432895785331517,0.6361316578718085,832.2446434325702,12
ftsYEX,7.8987733418432144,0.14298622972039526,397.0199614252404,9
fumD,8.439302547086925,0.43156742984311264,2991.6744968641947,8
fxsA,8.462109168537026,0.10644920826901444,515.1311191407577,10
gadAXW,,,,0
gadBC,,,,0
galETKM,7.835619759386421,0.1607531259529981,396.4334835292926,10
galR,7.340848366089986,0.35252596908964756,660.3030996377807,7
galS,6.851456349846659,0.41376974524428,673.8877342558636,10
galU,7.7521952327223,0.06983900985161513,163.53247155221254,11
gatR_1,6.2500549159113925,0.28305214599835193,143.74500991809026,12
gatYZABCD,9.217494096554963,0.2399667266408334,2295.1882712067286,9
gcl-hyi-glxR-ybbW-allB-ybbY-glxK,6.650156896864723,0.2952207059877042,318.03327597043926,12
gcvA,8.252983889254637,0.14969248039391095,565.4094397787713,5
gcvTHP,7.660619674408045,0.44729716957119453,1306.256149405778,10
gfcBCD,8.848139743710952,1.066062843542648,9125.697841870404,10
ggt,7.120408197207183,0.24459386539393907,321.02709522556546,12
ghoST,7.020618095389041,1.0877282579415204,2340.4046695382367,7
ghrA,7.6713884839966875,0.37524278558079976,1124.0450761543914,11
ghxP,8.35795602952559,0.15326021460540193,655.4273583849063,6
glcC,7.620041535378874,0.4104544321572024,1139.5881493731492,9
glgBXCAP,7.192940431336127,0.3367986567076825,393.2191526997562,12
glgS,8.096628266836715,0.692673348413847,5871.080961938971,9
glmUS,8.76600021238221,0.20510810398548426,1463.7355143436039,10
glmY,,,,0
glnALG,8.865292767373791,0.2868278286344752,2232.093744104517,10
glnHPQ,8.287709922548961,0.5121934729734827,1475.0798639129596,10
glnK-amtB,6.307545943224871,0.5791675816105883,603.5331389919552,10
glpABC,,,,0
glpD,7.990296783743276,0.20539687899340653,637.135217872188,11
glpEGR,8.157924584154964,0.26879168074075777,787.279428517981,10
glpTQ,7.7798405831367,,,1
glrK,6.79614053156748,0.1627689737096256,144.39234742330552,9
glsB-yneG,7.268695662977449,0.3041385102682015,433.7631423029067,11
gltA,5.805421825785112,0.576844478293754,233.54563881101814,8
gltBDF,9.916209278904875,0.142417781663195,2759.9450762118713,7
gltX,8.412611358133114,0.462689408988941,3320.590272753824,11
glyA,9.780447447390406,0.13881436559486773,2259.6123131322815,11
glyQS,7.816211254971876,0.11365649968893972,294.22123121894566,9
glyU,7.448202370927074,0.42259291031035967,709.9353302132675,11
glyW-cysT-leuZ-3'ETS<sup><i>leuZ</i></sup>,7.719450846943839,,,1
gmk,8.485671073138525,0.12363407340468231,621.8549935768217,7
gnd,7.586109087880824,0.2788312572835544,480.1341569711897,8
gntP,6.481702234804504,0.2305457945706083,161.3958202884344,10
gntRKU,7.683992319694514,0.170891984582326,406.99329224419984,12
gntT,6.770641620652788,0.21704956497955977,201.55092742794054,11
gpmM-envC-yibQ,7.691883829634845,0.06669331280740375,149.61502627305924,10
gpp,7.094681314290078,0.16795990559386628,206.07958199187843,12
gpt,8.55525571808514,0.13554837930877292,759.5450729928674,11
greA,7.645498669371059,0.09788511509907538,216.24125132915344,12
greB,7.1577991962400835,0.21901934835987208,269.8960700759102,12
groSL,9.898165494905458,0.15548149045587623,3007.908302417305,4
grxA,7.128745336262262,0.19587178536387084,248.3836394070033,9
grxB,7.489589203826067,0.07009272926180807,123.24741447737712,12
grxD,8.745155020611517,0.3107392416837345,2706.096112881263,10
gshA,8.061771152392692,0.10443981752169024,329.8872921448353,11
gsk,7.634688962456848,0.18699122320470943,423.91913209732843,12
gss,7.445839648099412,0.2832452181973717,438.0859396480076,12
gstA,8.715927452232224,0.14060160992703494,890.6211895273625,11
guaBA,9.17558160315512,0.20654752772438184,2195.8454718443945,10
guaC,8.468616449721246,0.16900956816444299,710.6914664261027,12
gyrB,8.038747479734333,0.413225198858549,2258.6349801229926,11
hcaR,7.704270202168135,0.1706156496940343,418.6877721666531,12
hcaT,7.098187198697872,0.11822484069304806,144.6574132569051,12
hcp-hcr-poxB-ltaE-ybjT,6.852914310867425,0.25124894682605803,261.11230221794915,11
hcxA,7.867059594535913,0.1520807203496456,420.9577138324262,12
hda,8.471633145118103,0.1723589024485156,915.781587244905,10
hdeAB-yhiD,7.927750790512464,0.1709332270983805,450.63933822083254,10
hdeD,8.23593329088043,0.22013927349002144,774.9461829937045,10
hdfR,7.65738339922466,0.10296174921378698,213.0844621300192,9
hdhA,7.463624678599763,0.10949110502426093,183.79721836258702,12
helD,7.64880917770041,0.1409472608224684,294.59292386801667,8
hemA-prfA-prmC,8.007005659001594,0.09504063212779329,301.6459756002267,12
hemB,9.01040291048406,0.18021389005510996,1553.8446615035525,12
hemCDXY,7.772571400507254,0.09534233797190565,216.04165754488588,11
hemH,7.361065751926314,0.13273125558140036,210.79129870365153,12
hemL,7.439865327447213,0.15084113100728144,294.293319756785,12
hemN,7.49710457492199,0.11504577928839074,213.16385446364188,12
higBA,7.07644149353625,0.1366224745010793,163.8046631651936,12
hipBA,7.735199913254606,0.1688029144451325,362.9875051737319,8
hisLGDCBHAFI,,,,0
hisS,7.778875550713242,0.16421596921450166,432.8421464441717,12
hlyE,6.484853232631392,0.37642756075969747,245.7807659209058,10
hofMNOP,8.369516145194169,0.369330348008367,2224.204250124715,11
hokB,6.572809831430243,0.30746600625601883,255.88006961393188,11
hprRS,8.329555071098628,0.1698651622428667,758.5830760169945,11
hrpB,7.1940136842034805,0.11199022748155735,139.21341460672176,12
hscBA-fdx-iscX,6.636480527068515,0.3644746437807822,362.0503053546229,12
hscC,5.798742067015254,0.7639257638582448,225.96580795804218,11
hsdRMS,7.7673795572276205,0.10426197009234002,270.19301778653477,10
hslJ,6.983671377698317,0.26145305290245546,264.81483392505714,11
hslVU,8.367911725366039,0.16136148395881356,679.310062068818,12
htpG,8.658862648281733,0.08720561093951684,501.6645554995811,7
htpX,8.7764353037199,0.1424212379887915,941.0424540376698,10
htrL,8.382660145276159,0.156881995615701,648.0860251470407,8
hupA,9.450803451621622,0.09631365165288079,1204.4857186433217,9
hupB,9.69911080103507,0.18390525388743983,2793.7397286763407,12
hxpB,,,,0
hyaABCDEF,6.554467508330768,0.2404098732621737,167.33168404160742,10
hybOABCDEFG,,,,0
hydN-hypF,6.361107888309146,0.286683580179506,182.4388728954775,10
iaaA-gsiABCD,9.042374650504211,0.12667897821046456,1189.137042859345,9
iap,7.087540713351188,0.3645889547430447,580.1635284898098,12
ibaG-murA,7.6358786902098865,0.24922681469391686,447.1632928016476,12
icd,9.616612865482976,0.20990878129855287,3500.348173878874,7
idi,7.334857074593661,0.24620009070650226,404.494886998478,10
idnK,7.017595906811365,0.15376353130149895,201.07586139111004,11
ileX,9.614920028754407,0.32514976483483565,4550.290550431275,5
ilvC,10.065095804718176,0.08886288280606723,2015.2678897333549,11
ilvIH,8.677635593615355,0.07295281568727564,429.4792460031193,12
ilvLXG_1G_2MEDA,9.65690707075823,0.09687045607771483,1515.208362542922,2
ilvY,7.41945886006695,0.3827531996091233,886.0346099367383,12
inaA,,,,0
infA-serW,10.255807036385072,0.2683964096648634,7401.284264556248,4
insA-4AB-4B-4,7.559682649121548,0.03423851638507202,65.71822461055775,2
insA-7,,,,0
insAB-1A-1B-1,,,,0
insAB-2A-2B-2-afuBC,7.862843086313329,0.36160774456093614,1493.4699762631155,12
insAB-3A-3B-3,7.784272221843703,0.1806860756490659,440.729294568313,12
insAB-5A-5B-5,8.074802337144186,,,1
insC-1CD-1D-1,7.015683195240315,0.15176039333084307,182.24538947949546,12
insC-5CD-5D-5-yqiGHI,6.984070982790771,0.1005947463732715,100.35730266444345,12
insC-6CD-6D-6,6.959584483239518,0.0990674862742915,99.09378022671105,12
insCD-2C-2D-2,6.993779899462839,0.12087503775434559,128.43821421804455,12
insCD-3C-3D-3,6.980755503127496,0.13032975359739818,143.57341853375968,12
insCD-4C-4D-4-ygeONM,6.984118366176044,0.106843006112811,109.5791788243468,12
insE-3EF-3F-3,6.849660903788092,0.528719510775163,819.7435406035014,8
insE-5EF-5F-5,6.930222213736372,0.5934582924168427,1095.8417293718367,8
insEF-2E-2F-2,6.563608356870621,0.3526515531364808,313.8983990321585,10
insEF-4E-4F-4,6.775677254589136,0.55899019625571,705.8864881719145,12
insH-1,6.911402900153418,0.3075019981044365,297.4821002465563,12
insH-10,,,,0
insH-11,6.958052416036018,0.23427965687673202,251.63142668787268,6
insH-2,,,,0
insH-3,7.016198670193991,0.3204100778309195,352.6848183341536,6
insH-4,7.109842471582316,0.3374639971798881,407.62123568094086,4
insH-5,,,,0
insH-6,,,,0
insH-7,,,,0
insH-8,6.833029012411242,0.15865797972571136,150.21999421943121,12
insH-9,7.005386800783225,0.16845682671302165,171.5853404411068,4
insL-1,7.623969782762154,0.0817432373455868,169.25062234337506,8
insL-2,7.616130559082183,0.1020568441538098,214.93804875188974,9
insL-3,7.675778520323002,0.20534392401139698,512.8077508929122,8
insN-1I-1O-1,7.094291045951123,0.3225316078823827,412.21637543181566,11
insN-2,,,,0
insQ,8.289176961333478,0.2812623744611667,1402.8394463093725,12
intA,6.673299684614887,0.18045300795330174,159.49621613874876,12
intF,7.631283316764162,0.10653115239479637,210.61267118678967,11
intS,7.109448741725249,0.36079892576243083,440.05819010334,12
intZ,7.534097283137246,0.2613682490752382,513.9405346515979,11
iraP,7.338563358676321,0.4140205052413418,1134.6838666768426,12
iscRSUA,9.14355694591433,0.17314522263480772,1622.0597757556354,8
ispB,8.40455319399368,0.10042141718490337,437.84899412800877,11
isrC-flu,6.2273888982739125,0.3351382809484201,201.64387575157556,12
katE,7.211999589940724,0.4058785298635935,575.7507813022654,4
katG,7.194662427375869,0.12148673174361314,178.83281870303463,10
kbaZ-agaVWA,6.068645391584263,0.2795003773820836,164.37513347594236,11
kbl-tdh,6.680502412606064,0.527732458244666,722.0192223582468,9
kch,7.473419426820095,0.1350944140127796,245.76403696177113,12
kdgR,8.339173442248486,0.06317767979946817,264.64918607352985,12
kefFC,6.9911172651772695,0.26462537554775606,277.9744154443146,12
kefGB-yheV,7.920131571217521,0.07050861649948371,198.74344445493077,11
lacZYA,7.074734816586209,0.06005334931073198,70.2545975892672,12
lapAB-pyrF-yciH,8.5282243398412,0.06776255274157694,335.40810189274885,9
ldhA,7.439342375350452,0.5265092413564082,689.4036786982498,10
ldtA,8.40966581006211,0.13427518106039346,632.53580159018,12
ldtB,8.035591064942748,0.38325510682316666,1254.6477571329374,3
ldtC,6.814534468899551,0.3621308183229879,463.89200616750253,12
ldtD,8.090366192669885,0.0924149253911196,320.3920812676103,12
lepAB,7.879546278276031,0.7162663941644046,1119.911647604918,10
leuE,6.9599644369912435,0.5062913240094429,902.0111236096374,11
leuLABCD,,,,0
leuS-lptE-holA-nadD-cobC,8.741823605380478,0.077282737175497,463.90301965412635,10
lexA-dinF,7.9232663482501104,0.08210272164274082,226.67136361058883,12
lgoT,6.324960735581154,0.5028426126917714,449.96354985260314,11
lgt-thyA,7.646965253932696,0.2744271310179177,589.9019338099664,12
ligB,6.587382771822778,1.178926433341232,3118.078165797909,8
lipA,,,,0
lit,,,,0
lldPRD,7.727843085245517,0.24980595783928672,595.6789824502374,8
lolA-rarA,6.948765076482343,0.6492785299246675,1236.0966989101435,12
lolB-ispE-prs,8.02007871535031,0.07948779255160535,245.47894786394838,12
lolCDE,8.277827287870192,0.10520669682965376,367.81008690761945,12
lomR_2-stfR-tfaR,,,,0
lpcA,,,,0
lpoA,7.6910678055679345,0.19367331554128067,393.877984509903,10
lpp,10.374102797284547,0.033041793430438275,1058.080529560686,2
lptD-surA-pdxA-rsmA-apaGH,8.755691269927219,0.17234840656185363,1278.6104420799877,10
lpxM,7.915328079256373,0.4806828009421073,2793.4746541943214,12
lsrACDBFG-tam,6.588587239246882,0.42160026979314474,501.6558295026472,11
lsrRK,7.293548072066083,0.3551606006390317,660.9761102306293,12
luxS,6.8000394058047515,0.17271930409131994,161.3535150173681,10
lysA,8.042105068433552,0.1499102545090161,433.1444789272863,12
lysO,7.978344494851286,0.31625351060793594,680.1499712141126,11
lysR,7.317351713468428,0.5759851958146024,822.4115399002051,8
lysT-valT-lysW,,,,0
lysU,7.129316515940903,0.18171287095757147,208.62407256820896,11
macAB,6.601354236053705,0.6250951019365675,1012.1436163505348,12
maeB,7.433303897848423,0.13438400967920006,239.37673432558182,12
malEFG,6.4829424405049245,0.31172498806995735,187.862703075514,12
malI,7.074270472726741,0.2181213220464905,276.74552682058015,10
malK-lamB-malM,6.356534098067338,0.5825069569579789,310.93031249831535,9
malS,5.759962844245033,0.48343555715653835,177.44874708970733,7
malXY,7.3713556740899415,0.10804673417478888,182.6401879758061,11
manXYZ,7.854154872747719,0.19470652507501565,432.21815744923043,8
maoP,10.929595169288865,0.09579670575597055,5476.98437609224,6
map-glnD-dapD,8.20369774133176,0.19088942942790885,801.8546816554509,10
marC,7.464067519141569,0.2638368336122093,589.0099388042881,11
marRAB,8.271589046669474,0.24609508610234418,1105.9668242894325,12
mcbR,8.521977808509453,0.21032876111390128,972.3731484997039,10
mcrBC,7.299421076090909,0.20916085755878971,331.92358676006774,12
mdfA,7.008760519789624,0.5103078619453891,1132.2928450978418,12
mdtG,6.735872335761694,0.30170171107351257,264.086248700509,12
mdtH,7.179357598206206,0.09546860584746415,122.96408599117302,12
mdtK,7.575205645200924,0.3324128819453768,587.2021522781279,12
mdtNOP,6.417705227337263,0.3853267206741026,225.28551002325983,10
menFDHBCE,,,,0
mepH,8.005990031238458,0.2590347609035038,727.8964506542304,12
mepM,,,,0
mepS,8.795886282712267,0.09222002585241375,642.2521146776696,9
metA,9.423754147157098,0.2596002116197946,3419.368630311065,10
metBL,,,,0
metC,7.121311612339066,0.20218292979313982,256.264422405829,8
metE,10.01422397653854,0.10484337761183996,2460.7251734624483,7
metF,9.608062528306696,0.12182524322286148,1874.0711257323637,11
metG,8.3155822126204,0.24050786032241095,1144.5331648925508,11
metJ,7.2485056316593885,0.7630343708237438,1213.6120954405949,3
metK,6.889488581623491,0.08508747272569907,83.42761828253535,11
metNIQ,9.065685192387551,0.07255996055633532,653.6097432028539,10
metR,8.391256936074534,0.14587643994495203,671.0986749937819,11
metT-leuW-glnUW-metU-glnVX,,,,0
metY-rimP-nusA-infB-rbfA-truB-rpsO-pnp,,,,0
mfd,8.027498687674353,0.1747367752042091,522.9237366347979,12
mglBAC,7.9780845095490465,0.16553160629563227,497.22113791078067,11
mgrB,,,,0
mgsA,7.830379874517977,0.12634425562897386,317.02505752770304,12
micF,,,,0
micL,,,,0
minCDE,9.44188296432619,0.2598467703882622,3343.365714930373,9
mipA,7.593478171673599,0.12256008781688917,249.16234037993715,9
mlaA,8.743960811608734,0.19024058197968952,1176.9429868907125,5
mlaFEDCB,7.699308170245967,0.28110786221988804,576.1764826637644,11
mlc-ynfK,7.708014636189976,0.09408334029295067,213.65729974056234,11
mltD,9.6349249819966,0.0815190377087439,1248.539536427514,7
mnaT-ydcZ,8.039533521262898,0.2916646899435994,992.2557890910134,11
mngR,7.694045271077577,0.2002233512135677,403.54593948916573,12
mnmA,8.995897995988905,0.39641631180806497,5562.4445451590955,11
mnmE,6.955089209789132,0.19881312395631512,222.23081257698814,7
mntR-ybiR,8.362572140542815,0.13665425391438593,566.1282386572589,12
moaABCDE,8.354579547422558,0.08072917344711954,329.8314544422146,12
mobAB,7.912254956670426,0.1485749689305163,406.91504155437315,12
moeAB,7.506515810974834,0.11585028660250894,200.92082493809212,9
mog,6.798976487125249,0.3536855938669741,404.34579853223283,12
mokB,,,,0
molR_2R_3-yehI,6.169318634785925,0.45509084234490055,207.31396154491276,11
motAB-cheAW,6.604724907490225,0.31381540223870635,243.08542658114538,12
mprA-emrAB,7.274853012638549,0.2064699144175605,355.91307591338136,12
mqo,8.249915831374945,0.24004761490453053,819.4751928556968,10
mqsRA,7.937991413051847,0.13478938412940622,382.13310247535395,11
mraZ-rsmH-ftsLI-murEF-mraY-murD-ftsW-murGC-ddlB-ftsQAZ-lpxC,8.927292762951836,0.41970904911284,2643.703918587411,4
mrcB,6.809953592511915,0.4725072812493888,495.4338947692424,10
mrp,7.814336218205632,0.11209502259426984,277.4755141398775,12
mscL,8.081393887418516,0.12273665859164146,422.25870888415255,11
mscS,9.099582083545899,0.22669544499944985,2621.502228749459,12
msrA,7.497248814486848,0.10748079746241965,185.59714927329878,12
msrB,9.089212540559327,0.2944406266127013,2616.1875960013513,4
msrC,9.043674947882325,0.10303909396633323,921.2582229806902,12
msrPQ,6.91657404902442,0.10767382830750773,108.87637346641674,12
mtfA,7.906508011320975,0.2266674383643647,759.7976890278925,8
mtr,7.343532137165046,0.2861909742382915,462.56251827933625,12
mug,7.463122073634362,0.15033734413669544,235.87954403613577,12
murB-birA,7.257136989534146,0.31584361639539865,403.54433575253296,5
murJ,7.7217146410783775,0.12517719077577538,287.14164857787273,11
mutH,,,,0
mutS,7.29560110664081,0.12950127211249235,188.81583946526288,9
mutY-yggX-mltC-nupG,7.759586970775279,0.1424003589272485,357.2423227734696,11
nac,6.997844738000626,0.2870371948164055,322.2734192877023,9
nadC,7.557411927364332,0.055841605545862226,108.27505069539151,12
nagBAC-umpH,6.777968315863912,0.23767949880526468,217.18529887967333,9
nagE,6.961210373619615,0.14184085559604104,142.32376202094432,12
nanATEK-yhcH,6.756723906166424,0.23429005360020894,189.80987151730815,12
nanR,7.345760186518118,0.16703226404111635,262.7037976814994,11
napFDAGHBC-ccmABCDEFGH,7.719878719596573,0.21043563364022297,530.772441940992,9
narGHJI,,,,0
narP,7.4839868781432095,0.2611718029211377,482.4108218070193,12
narQ,6.577179568557944,0.4645582321737935,644.8786753251159,12
narU,,,,0
narXL,7.210334424384048,0.43167797415496006,537.5888935885959,3
narZYWV,7.368656914500465,0.35317736507108094,572.5487282874875,11
ndh,8.140585153672497,0.20351518777468502,681.9216623467948,6
ndk,7.975438267911116,0.21188356988528947,670.2150210699369,10
nfo,7.607436377167191,0.17974865601571316,346.419730817832,12
nfsB,7.588196821269201,0.1366909750314642,278.7371926652851,9
nhaAR,6.682913179191561,0.45797065198806164,443.58243566705556,10
nhoA,7.332805002743982,0.2647254153461118,501.2553549458758,12
nimR,7.306152787335627,0.23349893270703947,314.2627945168809,12
nimT,,,,0
nlpA,8.260392158978597,0.2423432985159901,999.3877671778224,4
nlpC,8.428306227873964,0.2908708493559524,972.1404757892522,11
nlpD-rpoS,6.430623030979948,0.18900949361082356,108.40138450835664,11
nlpI,7.359780160124309,0.12917906584634403,202.48010769530413,12
norR,7.016789480883379,0.15045433903892672,152.98110876953422,11
norVW,6.368977387871561,0.14411845500818005,90.10959112450718,9
nrdDG,8.014075634975121,0.22882907050462228,672.8385288475666,10
nrdHIEF,8.574298235497922,0.9905564601039697,4128.64268243262,10
nrdR-ribDE-nusB-thiL-pgpA,8.226012471229346,0.1530992474318066,574.9962630685104,10
nrfABCDEFG,6.550000484109678,0.2903759644646624,229.5249345217763,12
nsrR-rnr-rlmB-yjfIJ,8.30353568620388,0.3278077840290815,924.1773426336432,11
nudB-yebC-ruvC,7.0269295025313765,0.18097214733240258,213.5125816983654,11
nudC-hemE-nfi,7.372667164940008,0.14236334408622253,250.43509906418757,12
nudF-yqiB-cpdA-yqiA-parE,8.401276198457092,0.16644111134692732,800.9709390647187,12
nudG,6.989138398548086,0.18554978851010648,223.9955034220722,9
nudK,6.97862555537324,0.48248446560753505,361.7238542584332,9
nupC,7.796528916661029,0.17085798863883034,391.989305065384,11
nupX,6.456968480793415,0.6348015010564201,641.4262541139766,11
ompA,,,,0
ompC,9.856206169697428,0.19515448397054688,3535.910735871394,3
ompG,6.44188272574351,0.4723870918597322,390.59395619610575,11
ompR-envZ,7.412361640623593,0.17752816211622677,262.167869498901,12
ompW,6.669992933805018,0.09575801548968485,76.33570316145774,9
ompX,9.496332734947995,0.1754708387194693,2341.6587930049504,2
opgB,7.976930015871063,0.029791370743146164,86.17416196375234,7
opgD,7.28944196472517,0.12106521464537165,177.32024857004973,12
oppABCDF,8.381562822041664,0.17029937884940058,822.3946168453493,8
osmB,7.366863287388236,0.3012241522531921,528.5361526644617,11
osmC,7.997949999222198,0.16569208760154813,509.44227423796076,12
osmE,9.159775698341386,0.1610498471912618,1447.6774648972198,9
osmF-yehYXW,7.454801481415594,0.27575819866256035,466.56823871310445,9
otsBA,7.649111690878055,0.2939302396108284,766.9625804923705,12
oxyR,8.036017919194324,0.09546005440287131,298.7594477564107,12
paaXY,7.703359355253739,0.09185195125918966,198.58496340553725,12
pabC-mltG-tmk-holB-ycfH,7.303265891452366,0.14623516261406838,239.64922318742748,12
pagP,6.432219501665287,0.4648758510267575,406.8478603457201,7
panBC,7.353099615971534,0.17573525548744223,279.6934788851404,11
panD,9.444319290944676,0.1212425341117079,1534.629945127616,12
paoABCD,6.821887194833318,0.13685156329302617,118.84474596989467,11
parC,8.115149930303126,0.08373576579602647,283.05115151207997,12
patA,,,,0
pbpG,7.734989240392811,0.16366299085916056,386.057385282237,12
pck,6.8786830318422805,0.24216482912832174,238.93792012612317,11
pcnB-folK,9.38963762686797,0.20936188764654293,2779.06873113662,6
pdeB,7.126252694797975,0.3664008761883148,338.179694927029,10
pdeI-dgcI,,,,0
pdeK,7.263188137642014,0.12344610989257353,157.7083701066112,10
pdeR,7.42515052485388,0.48443396637238056,1471.6946359469569,12
pdxB-usg-truA-dedA,7.647864407105121,0.12053220911139075,279.9546327281294,11
pdxH-tyrS-pdxY,7.670325625151771,0.22980798392672225,654.8160382962337,12
pdxK,7.278635175265572,0.438800850512961,1200.6887936577523,11
pepD,7.675594564173786,0.28721679279543166,920.6031589477705,11
pepE,7.768204774815321,0.10567999003314552,280.9184677699378,12
pepN,7.984898481302714,0.08641073048509965,260.4188415724106,12
pepQ-yigZ-trkH-hemG,8.241441124660978,0.12440776651619166,468.560993995572,12
pepT,6.966023338892199,0.4886723489283875,1021.9758456444391,11
perR,6.263896901408959,0.257128731504846,147.11071136688665,9
pfkA,8.201672819203225,0.059464266919233615,216.08497322402746,12
pfkB,7.295934088995521,0.10063684619233106,144.8546036409693,9
pflA,7.296551512187409,0.272216661602289,445.3815011549569,11
pgi,8.544366718643227,0.2499637210069467,1514.2175512747267,9
pgl,7.617408790568784,0.22890442677432557,547.6935148378573,12
pgpB,7.716031381448187,0.13567838357549042,331.33026904369115,12
pgpC-tadA,7.750977306444228,0.08708176808315975,202.1544974149563,12
pgrR,7.743421804615542,0.31120380095374217,578.1566162945875,11
pgsA,8.051258581748984,0.09758085888319837,290.0341846138304,11
pheP,8.17130929598835,0.1575241929095542,565.6159168877472,12
phnCDE_1E_2FGHIJKLMNOP,6.229901914281143,0.17794136780835149,103.73604795260356,10
phoBR,6.691516818433023,0.26962218610639394,218.62411481759517,12
phoH,10.215919171222636,0.1591887407081958,4312.217996085928,10
phoPQ,7.821709396577207,0.17206931190140531,409.9143890966453,7
pinH,6.9165637874410475,0.13185435660930261,123.31887466765623,10
pinQ,,,,0
pinR,6.752787848437475,0.5438085039909483,490.36901880485976,6
pitA,7.89325278753979,0.15271754507563676,444.2909682723989,12
pitB,,,,0
pldA,7.155825277328766,0.34890983179114016,631.9135851548348,12
pldB-yigL,8.048647003737967,0.1416736874945593,401.1108564684932,11
pliG,8.364781217932588,0.9228454960729838,3174.9247250688363,10
plsB,7.548183040221262,0.14356345702442683,256.0926044281678,11
plsC,7.58165783577632,0.27836271007067703,842.3995970641166,12
plsY,7.692523933214427,0.07828798940440353,166.78365427703133,12
pmbA,,,,0
pmrD,7.405780298632419,0.42766735743183487,519.9054273158598,10
pncB,9.185026002357308,0.10578915854437669,1077.6287725632262,9
pncC,7.258740961565873,0.20533009837966681,285.9032541265599,12
pntAB,9.523753885736157,0.11221089793094385,1538.6568632507567,10
polA,,,,0
polB,7.215912266724981,0.338148602133748,586.912311190728,12
potABCD,7.497803749316681,0.1529708921418546,283.82135466366014,12
potFGHI,7.996306813746449,0.12372258626751491,369.0385094096642,7
ppa,8.699360006794617,0.16231174966453754,953.9631434091974,10
ppdD-hofBC,6.6328483076101685,0.3024438192467784,253.3488896788025,12
pphA,6.385668987669905,0.31744128225195,216.74616594141162,4
ppiA,7.871236908502379,0.12736038682936107,344.4990130451039,11
ppiB-lpxH,8.438865776220075,0.20423627108933434,1254.0292888860301,11
ppiC,7.4797346919665975,0.11975395601449479,214.16402862627695,12
ppiD,8.379309981978999,0.20099412443098594,705.7803524469773,10
ppnP,8.687538230775226,0.29845794680372406,2470.5660444330506,9
pqiABC,6.843059481642844,0.16291980459218816,150.47134213155192,12
preTA,6.219933828358955,0.33117212035871774,186.3052429690249,12
prfC,7.702721915874938,0.07190543622162576,162.63597813612654,12
priA,8.234085500855038,0.18799477962672084,737.9944529272601,6
priC-ybaM,7.299939200782817,0.15311861704480917,237.52754452885938,12
prlC-rsmJ,8.11207880843066,0.1344036658837438,460.12787580174216,12
prlF-yhaV,7.894466522665471,0.13099023367655174,417.2853092871413,11
proBA,,,,0
proK,,,,0
proL,,,,0
proQ-prc,,,,0
proS,7.825157015136825,0.2664053390352127,879.0346733601763,12
prpBCDE,6.814357863693351,0.6995572301491474,878.7865934506161,5
prpR,7.120865573251369,0.23705525111424305,307.79600989166295,9
psd-mscM,7.3766391191023715,0.2620018709911214,357.4043908560996,10
psiE,8.290260688419181,0.26214930793566243,1114.1052076578676,11
pstSCAB-phoU,7.80070770542488,0.25882032060104565,625.283825255309,11
psuKG,6.528486306113138,0.40394330463968653,307.3406903794271,9
psuT,7.262928616487453,0.3215513866792128,626.5749285254349,12
pth-ychF,7.681749190975757,0.08188106461728885,182.71141500851326,12
ptrB,7.06045199345026,0.1927759854587908,226.85513964918835,12
ptsG,8.299399392664856,0.13035484339557785,520.1002592077882,9
purA,10.422732047324297,0.1317555351262832,4158.959431669399,9
purMN,9.083715670555812,0.09454512339120483,847.1641827571295,11
purT,8.003466796160758,0.0837251119743898,256.8426183539541,11
puuDRCBE,8.516662243819987,0.11505445110474034,618.7835931092062,12
pykF,8.459541168004524,0.1424161791700754,661.5430755803085,8
pyrC,8.758920328862365,0.12807094851200923,814.6371567301608,12
pyrG-eno,8.24066397575364,0.3020323868907138,967.552151695545,12
pyrH,7.375596333266199,0.10648351187591043,173.10309878417846,11
pyrLBI,,,,0
qmcA-ybbJ,7.644084577315877,0.13597092417921613,286.347188256941,11
qseBC,6.561245037938481,0.11573166158326845,86.10438519971761,12
qseG,6.638170384628361,0.19363351934819553,165.06356239755442,11
queE,,,,0
queF,7.444723349422573,0.5111081146930749,1914.4451092065567,12
radD,6.934570652042439,0.6475057191467097,772.9017417644184,9
rapA-rluA,7.365295171182988,0.10323336226261708,178.92516091369316,12
ratA-yfjF,7.7645090184110925,0.09043991913304106,209.20858441932484,10
rayT,6.60466053445794,0.11158573100163706,83.39873071718371,10
rbsDACBKR,8.920792833811717,0.09772455027724049,700.8365260217045,12
rcdA,7.408457186547239,0.17786532677923966,325.2565773977591,11
rclABC,7.017941061663203,0.20228440980340096,221.0375322557327,11
rclR,7.991566267370939,0.5477395766726958,1143.2365981918927,11
rcnAB,7.42257061485789,0.1312058170159927,243.78831813032016,12
rcnR,7.668556260780523,0.2235963245332498,569.790691615067,12
rcsA,6.84776126946927,0.12252421656308267,120.3589852726894,9
rcsC,8.060633829344347,0.3529694607141976,1552.1550242359372,10
rcsDB,7.729729701136703,0.26280967613564754,660.123244780762,7
rcsF-trmO,8.193646525571753,0.4193749006252416,1260.982132024275,11
recAX,8.190151615410082,0.13111831491845008,506.035397803439,12
recET-ralR-ydaC-xisR-intR,6.202730882257711,0.44597999827096046,225.8688354392425,12
recN,6.051106797280664,0.7123982862215317,351.49704675272574,8
relA-mazEFG,6.499195531260899,0.5322037298242684,418.10484572305387,11
relBE-hokD,7.1323835927428965,0.15740990420463052,204.6808940545729,12
renD-emrE,6.818555782310278,0.33452156611110173,365.6060243602234,12
rfaD-waaFCL,8.061442454442323,0.42274153457772723,1666.9843869535669,10
rfaH,7.534951127853161,0.26622674595363094,598.5065171326485,12
rfbBDACX,,,,0
rfe-wzzE-wecBC-rffGHC-wecE-wzxE-rffT-wzyE-rffM,7.438489303339603,0.1399809468526385,249.02745577469233,10
rhaBAD,6.3178304599428285,0.5837275418867807,642.2420802168181,9
rhaSR,6.460944308173588,0.6717292382839379,779.902196155479,10
rhaT,6.696007997359961,0.35846671974121963,407.8342334838153,12
rhlB,7.9863095507383814,0.4554192787105059,2458.2826764590864,10
rhlE,7.114612558202714,0.1467900917084062,178.73951656151974,11
rhoL-rho,9.240253544173529,0.1268231427737895,1268.3891384997328,8
rhtA,6.590866923153271,0.41761012916174794,350.4529182524315,10
rhtB,,,,0
ribA,7.34132923546255,0.14359039573030488,228.98865984096722,12
ribC,7.781687034618486,0.20418132799196625,443.9222068604797,11
rihA,6.988287775692041,0.4178868945118541,561.1712233766303,11
rihC,6.024116015568171,0.5399288237904885,202.3358002298828,12
rimJ,7.641992620926016,0.25714246317893835,719.8316578837853,12
rimL,8.200443148165663,,,1
rimO,7.638865753318247,0.2916177006640381,837.8197790001728,12
rirA-waaQGPSBOJYZU,,,,0
rlmA,7.532346699963427,0.1402109365837355,254.313517470255,12
rlmD,6.578609404103886,0.47767752580217687,342.3327322024826,8
rlmE-ftsH,8.326958873440123,0.8577416213352044,1700.9619623629192,10
rlmF,8.209374703711346,0.2730837464022565,896.5776631414328,11
rlmG,7.265689657521557,0.24422364406154495,343.3293007692194,11
rlmJ,7.186876064853338,0.11133707448001794,154.22394536175344,12
rlmN,7.401373205954992,0.12520753944014518,220.51947449934974,10
rluB,7.858353782906103,0.056419495819068244,149.5288264344747,12
rluC,8.03460856215873,0.15554728408166246,521.3346815420387,9
rluD-pgeF,7.525746634603391,0.06462762251203828,113.14378014474822,12
rluE-nudJ,7.689441932764545,0.176982911526208,458.70209451798075,12
rmf,9.695365313649566,0.11508058739867427,1929.7753293233175,7
rmuC,7.001981543588598,0.22313840954355482,262.59718360812224,11
rna,7.084513745760454,0.31073629281522364,276.8332363216042,12
rnd,7.33780539743797,0.13327948021099714,222.080493881592,10
rne,6.330668209078374,0.19552752904449228,121.54284011133856,11
rnhA,7.293839265429708,0.12609256222755497,194.14664841065084,11
rnk,7.928092661848491,0.0983804143734531,288.59091492880304,12
rnlAB,7.382920604078963,0.3656824604531522,763.6825378158094,8
rnt-lhr,7.500142575601687,0.14221697107663592,279.1488271149564,12
rob,8.82241864877709,0.128697425315266,915.058252721041,8
rodZ,8.172534885528178,0.20941382068326583,683.03580319455,10
roxA,8.214029241933725,0.11846046013781612,463.10453596744406,12
rph-pyrE,8.154120467231756,0.26990892038420117,1144.9143089417707,12
rpiA,8.060523430853882,0.10353993887987008,316.1159223632841,12
rpiB,7.744027391165551,0.25019840444560276,697.6004958058049,11
rplNXE-rpsNH-rplFR-rpsE-rpmD-rplO-secY-rpmJ,7.795319138360845,0.07764533974872269,192.23052536085595,9
rplY,10.195932528566445,0.7773273848927489,11428.209758347255,8
rpmE,9.391230979528167,0.3350286681811626,3460.5198364016874,12
rpnA,6.390624322473501,0.38175266381126977,244.35336983396448,10
rpnB,6.428995812077918,0.15811322027966115,103.44034072696391,11
rpnE-ypaA,6.572684427978697,0.23818023583018708,202.0642544932627,9
rpoH,9.328064579229002,0.16966699542128802,1739.249234343235,5
rppH-ptsP,8.394746293289574,0.11746553315553487,538.9368520829458,9
rprA,5.273898588866271,,,1
rpsJ-rplCDWB-rpsS-rplV-rpsC-rplP-rpmC-rpsQ,9.242990620663141,0.9476787592451712,8731.464847497695,3
rpsLG-fusA-tufA,10.620833213531357,0.10674255671777859,4454.385845638402,9
rpsMKD-rpoA-rplQ,9.248479611185614,1.614766812134779,15262.819755249871,7
rpsP-rimM-trmD-rplS,9.75780652505864,0.2550373479254604,4059.2085464988227,8
rpsT,10.320571849090733,0.2017557480275219,6919.660537442156,6
rpsU-dnaG-rpoD,10.422559202165939,0.12298239082107316,4360.729467861802,10
rrsA-ileT-alaT-rrlA-rrfA,,,,0
rrsB-gltT-rrlB-rrfB,,,,0
rrsC-gltU-rrlC-rrfC,,,,0
rrsD-ileU-alaU-rrlD-rrfD-thrV-rrfF,,,,0
rrsE-gltV-rrlE-rrfE,,,,0
rrsG-gltW-rrlG-rrfG,,,,0
rrsH-ileV-alaV-rrlH-rrfH,,,,0
rsd,10.149748355330859,0.23302840299851635,4996.911499378515,8
rseD-rpoE-rseABC,,,,0
rseP,7.386670920266204,0.18241684898156738,311.2773683918606,12
rsfS-rlmH-mrdAB-rlpA,,,,0
rsmD-yhhL,7.286590484532671,0.2344820359756029,382.0285884127921,12
rsmF,7.069769639615252,0.10166839150031674,110.76384439176437,12
rsmI,7.191809290637833,0.4663991557065145,919.2699888852687,8
rssAB,7.561991414200829,0.07195563852668378,141.17097781267492,12
rstAB,7.637375073719003,0.455075932963024,929.6196510004063,12
rsuA,7.2513776680813535,2.084836959031186,2677.988761582679,6
rutABCDEFG,6.3149573062313005,0.5129988608797346,211.67405151808507,10
rutR,7.817640104567896,0.13127606267530054,338.56365245315965,12
ruvAB,8.009301463411346,0.5644934659595447,1380.7490610757195,12
ryfD,,,,0
sad,7.130788982777193,0.08454738973823281,108.16442281400376,12
sanA-yeiS,8.794205012561678,0.11508555583446294,741.1255440363515,12
sapABCDF,7.15806782780902,0.15184511232247852,189.6755061688359,11
satP,7.205428854859122,0.5761406707408706,505.31341788427903,8
sbcB,7.317011593594295,0.10543214099480142,173.1007559124043,12
sbcDC,7.0606462978802655,0.3967690085747891,563.9593665413119,10
sbmA-yaiW,7.224357035494247,0.11191922616401011,162.26648981121232,11
sbmC,6.968959898999156,0.13052892202785274,135.83169009464223,9
sdaA,6.778443052622465,0.34125825508335084,391.27405279469906,12
sdhCDAB-sucABCD,8.977267791702515,0.71528693880333,9213.523581937648,8
sdsR,,,,0
secE-nusG,9.279831832272873,0.06525147221667209,696.4675880957542,9
secMA-mutT,7.655867956321283,0.204900634493678,421.7534961103119,12
selAB,6.993738802733469,0.1640755174425147,182.34674209988705,12
selU,7.022390845372741,0.4008723081984173,577.4751403941887,12
seqA-pgm,8.26952494488246,0.11316345452672073,426.040601881684,11
serA,10.519310507136762,0.10692532770858448,4135.112345595039,9
serB-radA-nadR,7.658954159510977,0.15038605352977125,301.5152041637568,11
serC-aroA,9.682250900472384,0.04759399731438064,784.3506303849067,12
serT,,,,0
serU,8.790370235344547,2.8647024842975113,34609.87491355728,2
serV-argVYZQ,,,,0
serX,7.186404970785851,1.963614331968026,3512.4506869347615,2
setB,6.574899671417054,1.1583579035625826,5649.743309955517,11
sfmA,6.4120411661143235,0.6240079443698123,664.6898321686732,11
sfmCD,6.375078988487401,0.41455699286706693,330.6971704108668,10
sgrR-sroA-tbpA-thiPQ,7.811215279374133,0.1622313872560544,416.3704832852218,10
sgrST-setA,,,,0
shiA,,,,0
slp-dctR,8.153744674065097,0.42607359999425404,1729.5798946256375,6
slt,7.4875758865620625,0.2099152471504653,316.80545090897334,12
slyA,7.974753063427994,0.1029012452913974,297.6747093406208,12
slyB,8.775170647485062,0.5620712100415785,3869.2590397970016,10
slyD,9.312928670768967,0.14945673428300443,1584.3786852721846,11
slyX,7.372885786787969,0.3383283794180637,479.8928588300461,12
smf,7.022996113746854,0.1980150176887097,215.06239801145028,8
smpB,8.083928935877495,0.4633016617440177,2860.544454330257,12
sodA,9.363095865537174,0.22587752591382476,2634.1707263201947,6
sodB,7.861192662234306,0.22083956721866183,620.4319064835288,11
sodC,7.492891733021769,0.2878090922332828,714.5301198862147,12
sohB,8.032267047753066,0.06586848900594655,204.05702900668808,11
sokC,6.949244457646528,0.2297184993407873,240.5041896409271,2
solA-yceO,7.655891498792894,0.17744363903103894,464.5160243705838,12
soxR,6.616984094141583,0.1709090408997085,123.90135233022781,11
soxS,7.362914078667642,0.24050562258662464,331.85996187866726,11
speC,7.667157560943725,0.1485280452359761,301.74075711755654,12
sppA,7.697774830231602,0.08997786200764034,209.6938610192606,12
spy,6.410158361880657,0.6476530244583785,633.5827123715835,12
sraB,,,,0
srlAEBD-gutM-srlR-gutQ,7.317318003736978,0.2600761018018151,485.67348248518505,11
srmB,7.854971267016869,0.16452554491611898,387.5070310571349,12
sroG-ribB,,,,0
ssb,8.274623427069892,0.27261444234448723,1065.09395007009,12
sseB,6.534067916303843,0.34226350295918945,290.84682467457026,12
sspAB,8.632866406712804,0.17443392266553734,1008.9461824793643,10
sstT,7.514404154606328,0.42440567463737655,500.53445027345055,12
ssuEADCB,6.354600570887168,0.7187567941501435,486.6288235108388,11
sthA,7.925033297782302,0.5842820339267937,1013.1189597050233,12
stpA,8.085459506132734,0.16247622554402263,558.0961787627583,7
sulA,7.372512334690272,0.34887692560285277,772.4297192978106,9
sxy,7.138206397053685,0.24483941222097644,341.12129661493,12
syd,7.2119114077072,0.07341194694037093,101.55763142765429,10
symE,6.4429740902035775,0.2441571826337702,172.1704010293404,11
talA-tktB,7.512156555102011,0.19523518265995318,372.1205582952195,11
talB,9.24280847330385,0.37540081158119504,3389.834509993715,10
tamAB-ytfP,7.813389302627667,0.1975307988313355,586.4743919148046,10
tar-tap-cheRBYZ,7.142797454155393,0.36559800486624305,652.3296061301368,12
tatE,8.220150735645088,0.07742981105702716,288.9210813001364,7
tcdA,6.702858464455285,0.20537648698109012,193.4019268900281,10
tcyP,9.735900893883365,0.1264873063809297,2172.7285142896835,7
tehAB,,,,0
tesB,7.598651166040295,0.37790485329272533,916.1678229445585,11
tfaX,,,,0
tff-rpsB-tsf,,,,0
tgt-yajC-secDF,6.916088741748113,0.24224104591917373,306.82546370923603,11
thiCEFSGH,5.954251567331098,0.43799094482045137,183.25685943111037,8
thiI,7.4202351467553,0.1782388497877079,268.8449880926442,12
thiMD,7.007854262103102,0.3219075830835089,270.4703102054606,12
thpR,7.746612567917077,0.20929680581511736,635.7951344353874,12
thrU-tyrU-glyT-thrT-tufB,7.548323007192025,0.05702818975729424,108.2436207161182,2
tig,8.946867264599303,0.089244727683404,669.0501736691328,3
tilS,7.451146991707044,0.08155238137566141,146.63298966791928,12
tktA,8.318995489404157,0.10873484507152874,463.2600980650795,12
tnaCAB,8.31826131849253,0.3162620102941331,1416.096502962528,6
tolC-ygiABC,8.125544604196568,0.17774834678004764,674.9995507531924,12
tonB,9.216582562227861,0.42192848321850324,4701.81238360617,8
torR,7.474761184856711,0.10512705057258391,186.2255681821869,12
torS,6.907863363315422,0.47413486267358385,511.2116581697034,12
torT,6.581144245487673,0.20277212000635256,139.77891191740753,11
torYZ,6.346897785686679,0.5836247688197377,455.6485090819506,10
tpiA,7.937941500016741,0.11772131568531564,335.5474171566031,12
treA,6.5030574592047765,0.25956575853550506,220.8830169284977,11
treBC,6.869114232894736,0.3956002920101537,485.5670603810847,11
trkA,7.218371502975048,0.1873006487879894,250.2615768969127,10
trmA,8.194349771748268,0.24499070964352704,1052.3520624117268,11
trmI-yggL,8.314912324229061,0.08256989216386584,324.24149618223174,11
trmL,7.988913562143609,0.0936596316547023,267.5749701166147,12
trpLEDCBA,9.716992675529436,0.14862509845199803,2232.8081876382894,7
trpR,8.22905418916989,0.11249912048265794,391.6291114534734,12
trpT,,,,0
trxA,8.154230907866468,1.1326532559938391,2601.0806616468276,9
trxC,8.007367500865934,0.0730427136050462,213.1159846980371,9
tsaB-yeaY,8.646991776402027,0.17370266772679857,1134.0271510538764,11
tsaD,7.706098927169093,0.13327090276795617,322.3521361114538,12
ttcA,9.152218295621664,0.15336482245735888,1552.0149301620852,10
ttdABT,6.361984612064503,0.4825734547013811,400.77392717575503,12
ttdR,6.414365796050139,0.7337423591972608,903.1574263586243,12
tusA,8.037740693697419,0.07124941331869024,217.4523928134759,12
tyrB,7.742035036412474,0.05609513520176478,131.19749277351806,12
tyrP,7.934204332310268,0.8582767636124972,1633.0537599189886,11
tyrTV-tpr,6.73417425722448,0.11308689796892571,96.29014496189903,9
ubiEJB,8.235149255696834,0.22910013783704544,986.2333213876914,11
ubiF,7.578012695834808,0.4021062325909013,675.3200062401044,12
ubiG,7.869111754527219,0.11887904525027297,314.84279120246657,11
ubiK,8.32762920687493,0.2930200402675251,1750.3285019089667,10
ucpA,7.3452871657772025,0.17682123246297055,312.19494301773364,11
udk-dcd,7.061844938237955,0.17368978120920545,228.37112607946395,12
udp,7.581128994840461,0.2400228309844314,607.0624379578136,12
ugd,6.70332904666163,0.29126041660053853,319.12206024049357,11
ugpBAECQ,7.610061992531092,0.1197062306988686,259.41524240332603,10
uhpT,7.3120163068217074,0.1692577289892078,234.08863137772627,12
uidABC,6.380746881745901,0.2071795383382912,121.51042146166698,9
ulaR,8.307866065824829,0.12827704670756998,530.8573994514849,10
umuDC,6.55344779010132,0.3115954054382784,265.3507301315963,11
ung,7.486546391644368,0.19608336490247535,329.2627317846891,12
upp-uraA,8.778924630395807,0.286691254533367,2462.4725920295823,10
ushA,7.9558147452687,0.19769908395196925,612.4723023171327,11
uspA,9.770166519165027,0.11415370794257307,2037.8952007139123,5
uspB,8.013227187353245,0.13728917597333823,425.17795862183215,8
uspF,8.316148129033495,0.19443686709491903,831.1621663390918,11
uspG,7.295732121762791,0.2874353661901923,568.7463879120102,11
uvrA,7.341432602531769,0.2592983378930458,566.172370705272,12
uvrD,7.482535116603713,0.41373524701281794,1423.6960648583945,12
uvrYC,7.8533248093230625,0.3309164696674207,1303.7300252166513,10
uxaCA,7.343926046858876,0.22224562091194494,361.5270003764909,10
uxuAB,6.360149499538311,0.2454993753863723,140.5755752046064,10
uxuR,8.829449531488688,0.18094168890285312,1122.2432282458446,10
valUXY-lysV,7.224120882248048,0.08495205254492251,116.63553004196811,2
valVW,7.82475912105111,0.47769583516649644,1870.429680850516,11
valZ-lysY,7.322425370186227,,,1
waaA-coaD,8.109233613007762,0.11878081256566972,405.4406697842372,11
wbbL_2,,,,0
wrbA-yccJ,7.785244601821803,0.15341151976581546,397.45336346220705,12
wzzB,9.647913059412266,0.083570150532033,1298.1825081107122,7
xapAB,6.250439814477287,0.3359049998062127,224.88091593445722,11
xseB-ispA-dxs-yajO,8.562206504072915,0.13616802937500153,674.1418343217192,12
xthA,7.845094546075766,0.06993119452662862,181.05177313429934,9
xylAB,,,,0
xylE,6.679879103152194,0.5231560408257293,477.8693999722825,10
xylFGHR,6.441673943295489,0.636193399387497,626.5589332879799,10
xynR,8.21228634740282,0.13902345247180756,512.4118745651422,9
yaaA,7.445108614406919,0.20263028771162145,391.2237984531117,12
yaaI,6.512884832347702,0.27597378323864197,203.87713182875703,9
yaaJ,7.03856647011705,0.4901260681470044,922.0270921373439,12
yaaU,6.44868164734537,0.5586238847074783,267.2052558252589,12
yaaW,6.010561025103872,0.3628054857211801,129.1233387028737,11
yabI,7.94160946808842,0.07824383305513882,226.1497024986273,12
yabPQ,6.478193760691315,0.38267378067440083,292.9846751890437,12
yacH,6.513644076710449,0.7398872145002509,916.1909405000507,11
yacL,7.043920002436175,0.1834543786639166,194.99782713327858,12
yadGH,6.9786409270687875,0.32895195580153486,458.93298985376646,11
yadN,6.217873716651804,0.44413279371964254,302.69437887628385,11
yadV-htrE,6.7247407499042176,0.682446558395823,1316.9821730438582,11
yaeH,7.602864516347158,0.08173560367504569,157.11888944763638,9
yaeI,6.7188455880760225,0.18284503870955926,166.32642543862573,12
yaeP-rof,,,,0
yaeQ-arfB-nlpE,7.106875037292275,0.30690894264278235,520.6267912232566,11
yafC,6.870905816061206,0.3453447988695072,399.35920790720866,8
yafDE,9.049174738936882,0.6267681033182042,3945.3446017766396,5
yafJ,6.773755878233413,0.1288879576295782,116.44367506329887,12
yafK,9.042137743913539,0.24070911669970643,1740.777566947635,10
yafS,7.35903231190124,0.2867634477313438,423.2681048881341,10
yafT,6.342014012611015,0.4892501428530558,288.483470063468,9
yafU,6.317955515582306,0.35323084514644804,240.19442590837218,7
yafV,7.567819130048531,0.1591735966232544,267.8558669144245,11
yagEF,6.895756928657904,0.2637015755706513,229.81360609740491,12
yagGH,6.372727270092493,0.5012869672155233,548.8869976991042,12
yagJ,6.348314881653313,0.2101018677844112,119.13061338201572,12
yagK,,,,0
yagML,6.432428328284237,0.5665838705421594,372.2322835877132,9
yahB,7.295273748727518,0.22518191054329867,363.383158678925,12
yahC,6.618344835704521,0.237812534212626,194.4964678436487,9
yahDEFG,6.5779501872406785,0.2269033572748189,168.6887002630347,12
yahH,,,,0
yahIJ,7.049125687958796,0.337446542286369,599.5682243036235,12
yahK,6.934918523258685,0.29049836126306117,312.2883624942444,10
yahM,8.567601752188438,0.12738719974958002,659.259735390956,7
yahN,6.3787887268870085,0.29273501850127837,166.4123171332465,11
yahO,7.488751068482809,0.14395462764173292,277.58621793159625,12
yaiP,6.532463293583576,0.37647046564746844,304.843646695251,11
yaiU,7.1277881001753025,0.16672701134887136,198.2419228238876,11
yajI,7.176499734595901,0.164561993333857,244.14226977547722,12
yajR,7.211886685526459,0.3227690905314661,520.7272753711484,11
ybaA,6.5483664359815945,0.24640478846247857,193.0730960746152,12
ybaB-recR,6.970643656061275,0.31193306558104517,290.5081355548017,10
ybaE,6.366907576990363,0.2203934741847363,131.77516007700353,11
ybaK,6.582775744743275,0.28335400309084297,181.9580380246505,10
ybaL,8.134408733809602,0.3264254106050924,1086.7446093261926,12
ybaN,8.015662187263445,0.24410505788557502,676.5995983812594,12
ybaP,8.839569942872108,0.09385940149098129,654.6565334958318,10
ybaQ,8.633781309997614,0.06339182270653067,343.2651994593444,8
ybaV,6.812144950480328,0.22679137001684985,219.19804453193726,10
ybaY,7.44431009141814,0.2098028311092005,388.7516620313566,10
ybcD,,,,0
ybcK,6.455484698718177,0.483297446637934,403.56982212716645,12
ybcLM,6.545456987137106,0.4457708894224995,406.1090218885222,11
ybdF,7.095405542658962,0.41259573468881194,549.9736026501809,12
ybdG,7.2927115151737745,0.18245574470762058,239.40825859867437,12
ybdL,9.542049259609769,0.17164584330795463,2111.2517562309095,11
ybdN,6.924716904448713,0.4458532199003766,608.3519186326282,5
ybdR,6.391455741389697,0.2300889332740303,140.6714881713419,11
ybeF,,,,0
ybeL,7.6724053211348595,0.3356648277152329,660.5755627897139,12
ybeQ,6.1086124232205865,0.4580626838563013,339.6497915525937,10
ybeR-djlB,6.470363787294164,0.7319761312877837,1045.6811867723263,10
ybeT,6.222132096380171,0.31448701958585634,168.41382520795264,8
ybeU-djlC,6.368446803403835,0.3552725456002416,246.57701261699563,10
ybeZYX-lnt,8.566188775228897,0.2756372105590518,1341.1113069430833,11
ybfD,6.6670335563320124,0.3712411501290751,270.70055874994074,10
ybfE,7.8239645390643515,0.11464432364965754,304.864190206995,12
ybfF,6.9260450045405975,0.41744526737620014,603.7379638984265,11
ybfHG,,,,0
ybfQ,,,,0
ybgA-phr,7.4823372085990085,0.251471394855291,570.4982744522338,12
ybgC-tolQRA,8.471847098445094,0.18643277124306995,1035.4622327459688,12
ybgD,6.166288307602003,0.5013385608943729,306.77748880808815,11
ybgI-pxpBCA-nei,7.914928379108692,0.2673512053204104,806.4960317537391,9
ybgQPO,6.4118116877697195,0.6264220141709164,571.7571306927914,11
ybgS,7.028377368875846,0.36217961411789634,473.0997459105158,11
ybhA,7.081607511404759,0.153902890381021,199.2371567165086,10
ybhC,8.128388473523952,0.22570526149523532,849.7218664463791,11
ybhD,7.1052419964947084,,,1
ybhI,6.248746443046563,0.3177442718550567,198.50157547734918,7
ybhJ,6.026952114079444,0.25479533596220433,98.99757546006471,11
ybhK,7.505656105421102,0.12630084211273632,243.79340802133984,11
ybhL,8.025751557560865,0.10962207110155506,319.90451693886587,12
ybhM,6.527798396649881,0.5743597846664116,548.935103370796,12
ybhQ,7.859625962442403,0.08172073921662563,218.79530731823914,12
ybiA,7.731827151857768,0.1455052481981589,364.2608894535814,11
ybiI,7.3311261784198845,0.32871199463774303,741.0500623025083,11
ybiJ,6.839583314490051,0.3307127130646666,390.00292345176683,9
ybiU,6.600824823729675,0.4540108904903468,247.8073444908708,11
ybiV,7.839654924855588,0.13741515507476001,345.608985380494,12
ybjC-nfsA-rimK-ybjN,7.355003756175322,0.11439856223198552,182.58263092268382,12
ybjH,7.0466573754805095,0.20998864209773552,293.72174045771413,10
ybjJI,8.421235466122228,0.17785891317078534,951.6842434304713,11
ybjL,8.116845661716487,0.17251416841730943,660.6284221818827,9
ybjM,7.584344183917926,0.3194388993582047,764.6622379792519,10
ybjO-rlmC,7.1276588710278155,0.08978231753728275,110.64973734614617,12
ybjP,7.757068704068843,0.2662719076714238,745.6757518169019,9
ybjQ-amiD,7.564122956634193,0.1197488761161134,227.8505199805252,7
ybjS,7.925326793243714,0.22903236058793783,809.4984963213973,9
ybjX,8.06386192522842,0.2627064402700359,836.6227141341517,12
ycaC,7.9382282313311885,0.23259201984608346,701.8422366736307,11
ycaD,7.722852306254115,0.30144564725108114,779.3807745679633,12
ycaI-msbA-lpxK-ycaQ,6.162923131571061,0.43050477543285603,272.59194447257005,8
ycaK,6.673786993843759,0.2516755229765829,178.11397683859133,12
ycaL,6.820105446773971,0.18155578409423648,167.71418903965304,11
ycaN,7.778173260823832,0.08477306882486214,209.73814272222597,11
ycaO,7.294021972451999,0.6853626606025864,634.4081025939084,9
ycaP,7.186102244127041,0.1977368712517707,239.4550929197448,12
ycbK-gloC,9.832092624822154,0.19602311568806322,3611.8414232852756,9
ycbZ,7.676616521209138,0.38088449384719514,1245.0057144276366,11
yccA,8.482223461395435,0.2409838835812017,1097.2378737016052,7
yccE,6.239455207220191,0.18748492367172423,101.55174140990611,9
yccFS,7.490702415507053,0.2149970023695683,388.49961450226675,8
yccM,6.2909861533859415,0.3501092248973414,214.92163221910022,12
ycdZ,7.830703552081931,0.14103700718692128,362.6389366689785,12
yceD-rpmF-plsX-fabHDG-acpP-fabF,9.674405425330752,0.11977413243640443,1876.3394206823118,6
yceF,7.506357928558433,0.11253851079585941,197.40231126866036,9
yceK,,,,0
ycfJ,6.170183145318398,0.6341159477694777,207.2376155042899,12
ycfT,6.576372471362993,0.18373782147283493,121.9255444951667,11
ycgJ,7.547833172560287,0.1667311830520348,302.8227633281104,9
ycgL,8.250391009947915,0.15397338144676928,601.8626652731735,10
ycgM,6.52512069300372,0.1962620358978092,134.1530824497919,11
ycgN,8.80527596843346,0.13552964868869868,936.0724823340014,11
ycgR,6.2308631257878515,0.29351867139788274,148.8374856182877,10
ycgX,8.005788818514741,0.12313186733833578,393.7834439161926,12
ycgY,6.242745668488923,0.2599278610283393,172.26115176002065,11
ychG_1G_2,6.812317206183467,0.22410252577815176,247.38988675647158,10
ychH,8.142758164771285,0.3503104299698993,1285.7301754568377,12
ychJ,8.186765386338035,0.0897538855085573,327.19678733859746,12
ychS,6.244102274611488,0.4139282414729519,221.76467307349418,12
yciA,7.514675011070222,0.5570978345148422,748.4348934408325,10
yciCB,7.489770415590447,0.3673947800580703,886.1022199889368,10
yciGFE,7.1175221403605375,0.56908485840984,1411.903627138706,11
yciI,8.944495823197602,2.0544452162018887,8752.644700623674,5
yciK-btuR,7.887703246015042,0.27301129910774263,592.9718454136671,9
yciW,,,,0
yciZT,,,,0
ycjG,7.017295189201014,0.22545117304426276,288.5317580668904,11
ycjMNOPQRSTUV-ymjB,7.505210696193512,0.24540139779743422,603.647970176791,12
ycjW,7.442997739628791,0.23279898301174135,486.27186409569435,12
ycjXF-tyrR,7.445596764404134,0.34330083953350743,529.3652709700905,12
ycjY-ymjDC-mpaA,6.906003245223775,0.12470583230342384,118.87460254372405,11
ydbD,7.095230959561495,0.4508579345537663,1048.1934332325006,12
ydbH-ynbE-ydbL,7.687574733621379,0.20710152197581236,512.9849667092124,12
ydcA,6.511867263599329,0.6838630727006026,723.8285038819722,12
ydcF,7.594376094358164,0.1807780226465724,437.0627451288498,12
ydcH,,,,0
ydcJ,7.249069882581991,0.11418677468877149,165.1303756412999,12
ydcK,7.305687103043541,0.3612716700815283,692.2908124615836,10
ydcL,8.144410828765272,0.2455749772225809,1085.5930295120995,12
ydcR,7.81682512179917,0.1200260597674722,320.3156073324706,12
ydcSTUV-patD,6.708919866597316,0.4293981195706465,483.70629629862196,11
yddAB,8.559573234754822,0.28566547355145067,1379.525679429022,10
yddE,9.553058513991495,0.16220935301934272,2061.9276665172483,8
yddH,6.934536417231022,0.3132360215831705,352.498840969142,12
yddLKJ,6.14305727347708,0.30920317607210546,164.9001279983146,11
yddM,8.439328262882551,0.1253663799248964,558.8870743543017,10
yddW,7.799210989224457,0.2566349812352259,819.210901598143,11
ydeA,7.048474939430318,0.1617065474401967,187.3769131989418,11
ydeI,6.883197657598263,0.25631071899184127,256.3035333917299,9
ydeJ,7.145703641969212,0.28439296309914724,500.32675403743906,12
ydeP,6.48339384145418,0.40826537250423023,289.72178953183436,8
ydeQ,7.523663427994222,0.1547507465064643,324.47105834969017,11
ydfABC,7.8990021139178435,0.1987449781908366,543.1026676753764,8
ydfH,9.474821270579701,0.10003125654477117,1397.8536549034861,10
ydfI,6.3105033946123745,0.3025460964729101,194.12068043991883,11
ydfV,6.165347020938982,0.5157414434784426,336.28608109929075,12
ydfZ,6.622544560439278,0.4907255260012248,466.1861379330694,12
ydgA,7.508947237165241,0.15379730259664656,300.1463989934978,12
ydgC,7.857326641588695,0.027266757304255963,70.76429939364965,6
ydgD,7.827392254388568,0.133358487684749,336.0092124549575,12
ydgH,7.826298324497298,0.1274962665259286,353.8144479067931,9
ydgI-folM,7.207855459664372,0.2350259533133262,302.99730090614827,12
ydgK-rsxABCDGE-nth,8.610339314358036,0.19546513460026013,1066.2502565400976,11
ydhB,7.299577528412669,0.28645511300477833,445.0421214511831,12
ydhQ,7.931393583819199,0.12064569784001403,331.1493171574676,10
ydhR,7.597308933099093,0.39003191271301535,1424.749789181738,12
ydhS,7.246174682832389,0.21854052770942237,317.58037419789366,11
ydhYVWXUT,,,,0
ydiE,8.403576981462784,0.5171868738068847,2134.2179245601424,12
ydiFO,6.443825872571432,0.5247066139737135,359.81746838048775,9
ydiL,6.367494830787232,0.2796824237753237,190.4166714802736,11
ydiM,6.900339568047565,0.34415769459409695,442.2875208021252,10
ydiP,6.96312948531535,0.21595658642786078,220.69519490411417,12
ydiQRST-fadK,6.314180427730978,0.42262154218466286,247.31809651769254,9
ydiU,7.777119062297263,0.20843506905865003,501.9775258027007,12
ydiV,7.604393369623835,0.09234863922732954,174.35548992391284,8
ydiY,,,,0
ydjA-selD-topB,8.074000669627408,0.22168283602202907,681.811646221231,9
ydjE,6.359290853429282,0.5641530869585407,474.11720525061025,9
ydjF,8.169012504334729,0.14331593582547192,489.08481696927737,11
ydjLKJIHG,6.584201818432557,0.22733902243016055,182.0223442927388,12
ydjXYZ-ynjABCD,6.6345178522595285,0.1688360773853223,146.7567529765425,12
yeaE,6.691422276939249,0.2738145952234429,280.6322518949907,12
yeaGH,,,,0
yeaL,6.482274844015781,0.25004928438372936,164.07662430757628,12
yeaVW,6.181256588320503,0.25841966311999626,134.24140662402846,11
yeaX,6.641582903361173,0.6993334581047503,846.8797517976872,10
yebE,6.823602131818365,0.2750507727082736,320.2660439717099,12
yebF,8.284287954710525,0.17093181672432717,763.2237731028348,12
yebO,8.354893929668451,0.06590307192988167,279.09995096406374,6
yebST,7.596279651206808,0.2202962728919652,482.8138306609891,12
yecF,6.440749512633321,0.4156402925061035,343.04667639210487,12
yecH,7.198237015675109,0.23973935293205512,431.33080530369375,12
yecM-cutC,7.302389596796624,0.18316019357712152,253.46269540758996,11
yedP,7.946653023228237,0.2159222299446213,721.1382891912796,10
yedX,6.609829276937835,0.2597305746984342,210.52350030064116,9
yeeA,6.6830467671596665,0.24109781154966958,243.96630031541144,12
yeeED,8.937202567039234,0.16618096836916052,1296.3123659137784,11
yeeJ,6.244586143264479,0.7512572867533462,1124.6719044548051,11
yeeO,6.20966048993978,0.6845765731166593,456.986624131308,9
yeeRST-cbeA-cbtA-yeeW,6.877175301547596,,,1
yeeX,9.105352062606793,0.09388560376492282,896.8427812316231,8
yegP,7.389689704129922,0.11625204351080967,190.9986009811298,11
yegTUV,6.887813379622469,0.27012843333698683,301.4469238093318,12
yegW,7.2023207973448535,0.12530966331230706,166.92077448427594,8
yehDCBA,6.493414621458823,0.6412854844600091,605.8483004296043,9
yehS,7.629759943092282,0.10407568699084657,214.40700456599507,11
yeiE,7.084148852017607,0.20405140731622434,297.0384927430788,11
yejABEF,7.735990192673769,0.08436118024225692,189.58217418292412,12
yejG,9.675225405080864,0.26802002970558764,5560.759002717125,11
yejK,7.811248985243893,0.10536896726160042,259.3031417338325,12
yejLM,8.584310755775347,0.34123096813744197,1849.8725223370113,11
yejO,6.84649717157162,0.3102087686741546,410.8244120296289,12
yfaL,6.156562089027744,0.7256511867419357,466.6145491471908,8
yfbS,6.833026899413317,0.15488170334762025,150.71679110700143,11
yfbU-hxpA,7.319308072637702,0.19842744599831935,332.8761956524463,10
yfbV,7.820532297400976,0.10649171708240997,269.87111145945886,12
yfcC,6.1694624584387014,0.4029566252470387,241.92187980116034,11
yfcD,8.491310747438204,0.08245480712289177,395.5768399218631,9
yfcG,7.59661170460243,0.1687435540414837,346.6110943858484,8
yfcJ,7.504613469253624,0.09388006002780287,184.3604969407423,11
yfcU_1U_2SRQPO,6.708742882777057,0.3166999285932168,363.3772670560444,10
yfcV,6.313832352146101,0.8862347983710269,496.0234774255642,7
yfdC,6.207479410455871,0.9102035453506916,906.9503529266154,6
yfdGHI,8.332476167238456,0.41411426835300164,1423.5898054400993,11
yfdY,,,,0
yfeCD,8.107302779612096,0.13103210041158206,433.08210787235106,9
yfeKS,6.7401593203497505,0.30618817956107647,197.61085594221086,11
yfeN,6.552309520522289,0.3070387683312118,305.83369103931926,9
yfeYX,7.676835747953859,0.17971650340430584,419.86526120763045,12
yffS,6.6762060773049,0.34392411939039125,346.018572519241,12
yfhH,7.182549294475504,0.15384032841114814,213.3927252594046,12
yfhL,8.111501293845897,0.12449795875830248,426.7913226626129,9
yfhM-pbpC,7.282595122082743,0.19024018214874983,302.25400977217004,12
yfhR,,,,0
yfiE,7.471847755213624,0.16174825926862285,325.4226400934819,12
yfiF,7.708943349269704,1.1840335583831585,1263.1987946325585,10
yfiL,,,,0
yfjI,6.390532309060075,0.6899869174550926,967.6716849289982,12
yfjM,6.380966661057448,0.44480470657308,314.79758463255257,11
yfjPQ,6.32362839405838,0.1249431668690847,66.49101637491448,10
yfjR-ypjK-yfjST,6.318378167725151,0.490053663302976,479.847788272078,12
yfjW,,,,0
ygaQ,6.209274976143061,0.2350090869228233,124.13249287565758,11
ygaVP,7.47719182366271,0.1266117473110767,238.01145247729215,12
ygaY_1Y_2,6.8108940014848685,0.3981451284440684,427.2270033100847,12
ygaZH,8.293785617547185,0.12206323080214371,545.5714558836352,11
ygbA,6.683971043976254,0.7334718682172524,1545.6312939577385,9
ygbI,7.549477352797904,0.18401617937451537,443.62318192970554,12
ygbJK,6.4935385515649875,0.37711136210953305,243.5650073510672,12
ygbN,6.251467360895415,0.18674004098297461,88.26758489500328,9
ygcU,,,,0
ygdI,6.755404327705822,0.37411893825366077,439.9754155507044,12
ygdQ,7.779116841400774,0.10605141537269458,273.38732474184013,12
ygdR,7.674089249261001,0.16613575680149775,368.4759635817869,11
ygeF,6.292437159011277,0.5052634157295357,392.4593407717358,9
ygeG,6.531702209030247,0.8032025418236076,942.9948265726199,9
ygeH,,,,0
ygeI,7.066762273273816,0.39879371515465994,814.505146252326,12
ygeQ,6.591599193165733,0.766711456592711,1287.0939568856443,10
ygeR,7.371353364099963,0.2928360233384644,714.5204612919472,12
ygeX,6.414987101487492,0.2870906618710503,210.1213318971778,11
ygeY,6.614907606061447,0.45100151772374236,412.2207533475933,11
ygfF,6.557385905839683,0.27910555952666505,188.28953606929431,12
ygfI,6.60456040656954,0.578269362242435,328.9607184145076,10
yggE,7.891846901600158,0.15680956830605158,416.4986968562815,12
yggM,6.757797483506304,0.3899746059679843,468.3499862559246,12
yghJ,6.660733793471902,0.22036370259333274,159.65876655260095,9
yghO,,,,0
yghU,7.2222629663521225,0.24374669003355554,368.4444903137926,12
yghW,,,,0
ygiD,6.845420904906621,0.8034422165063589,1626.2883691636225,9
ygiF-glnE,7.466551875546536,0.3979672214248325,628.749199058914,10
ygiL,6.350765307996963,0.4568173794906047,388.88454635649464,11
ygiM-cca,7.635517678424724,0.28197023259261267,492.86180708698754,12
ygiQ,7.476540513659914,0.20424295824594138,356.37658081094224,8
ygiS,6.471567249903813,0.2806803178180267,184.78867726943557,12
ygiW,6.837784343461684,0.36585551063336236,437.5715796141906,12
ygiZ,,,,0
ygjH,7.4770130912963735,0.37634704819004544,591.0324527211105,11
ygjI,6.295422042091643,0.30996706342764313,160.9270336202303,11
ygjJK,6.218741996694735,0.4767044489789984,280.88044647946884,10
ygjQ,6.628614708452203,0.17784247442042114,126.55047076094623,12
ygjR,7.461988692521074,0.4996291185908456,1268.7589901349368,7
ygjV,6.6663548385267175,0.20248205747899806,173.42387750130496,10
yhaH,8.005732539499947,0.16692612556354028,585.2176815558933,11
yhaJ,8.392845072433127,0.08704840250889494,383.3422855172024,12
yhaKL,7.2784014216485815,1.4326808605471033,8724.901438002895,10
yhbO,7.208879803683487,0.46700750206512814,527.3977207225709,12
yhbP,7.474920324453561,0.31329852974182265,780.6659199244017,12
yhbQ,6.937114757149342,0.22175709084982947,267.6203350865697,12
yhbTS,7.577758793402155,0.18915797326774164,331.5397275282385,11
yhbUV,6.320870785644242,0.5728552097545117,442.272936484709,8
yhbW,7.055363538297066,0.22365306529893816,302.34990709163225,11
yhbX,6.816812229531501,0.6393236919970708,471.3872530461004,8
yhcADE_1,6.445520473734498,0.5970327969553327,734.9459166564287,11
yhcB,8.511272876041453,1.1264708270185637,2998.632542273726,11
yhcG,6.332446052895423,0.32176488039303186,203.1698790365211,12
yhcO,7.194898593077589,0.18586705404046816,274.205519926216,10
yhdH,6.758960643773463,0.24154108391156154,234.14457935730712,12
yhdJ,6.510859278481902,0.19171707212410918,144.68952646067038,12
yhdN-zntR,7.591421220649619,0.11232497012061035,224.0515595618654,10
yheO-tusDCB,8.257954439633137,0.1660531551958929,682.2087674855824,12
yheSTU,7.32636176992897,0.17321343104486048,222.05005257415897,12
yhfA,8.20669932419641,0.1013278447283414,368.000234346557,9
yhfG-fic-pabA,7.5147308882391,0.21253369447158008,373.7275908693371,12
yhfL,,,,0
yhfXW-php-yhfUTS,6.610370210765606,0.648755279020161,841.4719911078784,12
yhfZY,,,,0
yhgE,6.993869896244575,0.13500136256702955,162.1156184647594,11
yhgF,7.64643776706987,0.36166493449641685,886.7051466384663,11
yhgN,,,,0
yhhI,,,,0
yhhM,7.668770512379626,0.08174979315122433,178.38382476033138,12
yhhN,8.01125302720771,0.12922925982735659,397.0533246602374,12
yhhQ,8.335763802367282,0.2562254451949773,1254.1005243762797,11
yhhT,6.7180630742306695,0.9464982961968074,1159.4247345202623,12
yhhW,6.463930310556659,0.1776440192442378,116.89652262700741,11
yhhY,7.191136806124364,0.09199726633351718,119.76142320386734,9
yhhZ-yrhA-insA-6AB-6B-6,6.299666606817655,0.5048630274559742,449.4902753426709,11
yhiI-rbbA-yhhJ,8.459206762498166,0.08138126387059309,384.7752001970739,11
yhiJ,7.22807955343882,0.10037429000074446,136.12185927827977,12
yhiL,6.932731039904896,0.1014586418777689,103.57556274178935,9
yhjB,6.646745786784215,0.909411988491445,1417.2436556834587,9
yhjC,7.051945241313573,0.34008246175669127,393.0634690620266,11
yhjG,7.060465819256066,0.17969799012371407,232.3076266238457,12
yhjJ,7.341901874942148,0.18957037731220183,283.2306868308626,12
yhjR,8.356055992640249,0.12087594796925508,483.8871657914459,10
yhjX,7.047703677865826,0.3163991968290945,427.87459479863594,11
yhjY,7.595803202857047,0.2626678116594403,448.45109809458404,11
yiaD,6.28428940183204,0.15431312781514048,86.852502059833,12
yiaG,7.28894480841607,0.21394102781735022,312.1422170891169,9
yiaJ,7.812305026935973,0.23733022557162767,624.0757232118758,12
yiaT,6.133221626954141,0.38340599588223334,196.9221788643474,10
yiaU,6.700130239627839,0.3534193169174351,486.75243474630895,12
yiaWV,6.283242850620025,0.5328591028885912,297.117478576592,11
yibT,,,,0
yicC,7.754261949024098,0.2486832071426259,637.3745056256447,5
yicH,7.704553250577826,0.1038087361654509,222.83442540541503,10
yidE,7.43427027796621,0.1392060631934188,204.64120735395247,11
yidHGF,7.744635067739665,0.3215130992887346,663.5023449089277,11
yidI,6.537253028827729,0.15188034974373654,105.07150866155918,11
yidKJ,,,,0
yidL,6.821519347718845,0.17055057196544557,171.43509452066422,12
yidR,8.83509681002098,0.2697827163499837,1862.3583127235495,12
yidX,6.194798552512376,0.26524244008826664,162.8029691816639,11
yieEF,7.506212353167304,0.13719906776669885,255.6849202504119,12
yieH,6.749967655427198,0.1098900539205362,93.46640524627817,12
yifB,6.355880878162407,0.4952897028861165,416.63071791187843,11
yifL-dapF-yigA-xerC-yigB,,,,0
yigI,7.37714113006615,0.16145870515613553,306.3938393844075,11
yihD,8.152670099027725,0.08598694940353444,292.8063293892359,11
yihG,,,,0
yihLM,7.296829289261193,0.1815329489181741,268.67744633360536,12
yihR,6.535072673228483,0.4165761934445269,324.5524683320942,7
yihUTS,7.465804509342831,0.3634239261144226,1030.0025311341294,12
yihXY-dtd-yiiD,7.610894919026328,0.11519525032338203,220.22016555719466,12
yiiE,,,,0
yiiF,6.686535096043151,0.1999211143722377,173.09460016990957,8
yiiQ,8.298568631536444,0.29641261458415463,909.2071672704596,11
yiiR,7.144088993551732,0.17880928454690864,230.75688201016754,12
yijF,6.436203287346199,0.36551227512132317,268.69366741798234,11
yijO,6.876748221689047,0.15259098041865665,154.8387702040884,9
yjaB,7.024347136368665,0.21481256550536898,240.76131493875303,12
yjaH,6.503549750473143,0.20805356298402675,143.75465438889316,10
yjbB,7.082074044867834,0.14642085488637796,177.24233513301067,12
yjbD,8.011359595291538,0.3563696133309782,853.538050167232,12
yjbEFGH,6.419161691948605,0.6178331160644263,380.74303552367974,10
yjbI,6.1476567162739295,0.2818686918421144,146.89117769141703,11
yjbJ,6.679713379942403,0.44394889025068707,325.8421711549525,9
yjbQR,7.6442680980081095,0.23807910581606803,500.4139278438826,11
yjcE,7.324334591620635,0.2061627041137997,362.3273144020632,9
yjcO,7.037535948375334,0.6090578131275781,1435.3398612704473,10
yjdF,7.42339826916783,0.5326907343987313,1156.005353184278,12
yjdIJ,7.663914401602054,0.10095229088173069,214.92964675348304,12
yjeI,8.681657387730768,0.08939349847309189,547.8270863641533,11
yjeJ,6.403190806828468,0.36113206630363104,231.7736305922197,7
yjeNO,6.257006807434986,0.5239616153645162,241.14194892442418,12
yjeT,,,,0
yjfKLMC,7.24546855071907,0.24517676697259713,396.4515358292187,12
yjfY,9.133104454586762,0.29595418507510407,3088.0021020722616,7
yjgA,,,,0
yjgH,7.060948154009232,0.23511057628896206,303.9703002287382,12
yjgR,7.28630408301595,0.22218720188791688,355.75134312552984,12
yjhF,,,,0
yjhIHG,6.797949102555176,0.2582056189084914,262.25233300317177,12
yjhU,,,,0
yjiHG-iadA,6.403503957723584,0.22964118867559252,146.0962983985184,11
yjiJ,7.148058191783771,0.18872143892980967,297.07806947425166,12
yjiML,6.507139176953487,0.39266959841034865,425.24790517678673,11
yjiXA,7.670743609461609,0.32952933848420335,994.1368208182328,11
yjjI,7.988219957356473,0.12128203973892798,352.2843422974639,12
yjjY,6.987151334552249,0.2514416953144164,217.9237765675016,12
ykfA-yafZ,7.005575131549919,0.6335644538864265,1167.051776451105,9
ykfJ-prfH,6.193229222232415,0.22795611287527273,125.11325243177264,9
ykgEFG,6.133720564890641,0.5739550970933197,263.8814276174882,12
ykgH,6.316164771157855,0.4669700444329813,328.92818206330884,9
ykgJ,7.2175125600402215,0.12485026842915686,158.0819877221697,9
ykgMO,,,,0
ykiA,6.769467215140216,0.33149823031967357,356.51422858375605,11
ykiB,,,,0
ylaC,8.840694213610233,0.21514245828908568,1752.7625798512163,9
ylbG,6.893980661929479,0.28985064054969367,256.2865720802712,12
yliI,7.23092836035769,0.34125151234476914,451.0945227382871,7
ymcE-gnsA,,,,0
ymdE-ycdU,6.909169688443668,0.584863790902077,821.3777585257877,12
ymfED,,,,0
ymfH-xisE-intE,6.413305596468724,0.30141701874309373,187.8944919928837,12
ymfI,7.644585210449805,0.08218417208705846,172.60878917640017,12
ymgE,7.307427865582496,0.15067006060800348,234.74773037696065,12
ymgGD,6.6397804082246745,0.18453919532159024,145.02966094456457,9
ymgH-ycgI,6.922520933493107,,,1
ymjA,7.757106459962947,0.08824522360387642,213.24790447566645,12
ynaE,,,,0
ynbABCD,6.51069152927123,0.2185686269746711,165.82919905598098,12
yncD,6.808984306055209,0.13518259325054469,126.56710029823232,11
yncE,8.129731359754249,0.46994461620517014,1476.9905627596893,11
yncG,7.635673401016635,0.38605948597356,677.4521013042612,12
yncI,,,,0
yncJ,7.26565739742266,0.29734614981797886,472.09600885935146,12
yneE,8.202723224059701,0.41007288310433854,1608.4650644554388,11
yneJ,7.923496189205044,0.09167516709254306,251.83560142082933,12
ynfA,7.029717476233246,0.23599105059701952,267.1118207971003,10
ynfB-speG,,,,0
ynfC,7.495560210391193,0.32584563424529184,452.26288159400735,11
ynfEFGH-dmsD,5.989678143900455,0.6692981662693562,382.46644162708094,10
ynfL,7.116044416202121,0.1848610309357672,210.4792866289433,12
ynfM,7.622920941835656,0.2420942617355334,492.55176701629034,12
yniA,6.98923397192194,0.16880691933881836,169.4602505353347,12
ynjF,7.402656203100772,0.22915437733282418,351.65305605720573,11
yoaA,7.65684612657467,0.13656938942796248,302.21872650366504,12
yoaB,8.361361537608769,0.25007420131817165,1248.6383475165346,11
yoaE,7.649631996618948,0.19297041224227793,465.49690800212505,8
yoaF,6.920768376393911,0.245747580549293,244.71205866197704,12
yoaH,7.669059935316731,0.1655129134114261,350.2026087433026,12
yoaI,6.779222849256811,0.20878043675900868,201.98926045674298,12
yobF-cspC,9.892241746494493,0.27966655188518974,5220.58812646195,6
yodB,6.773111330114813,0.2686041155322922,235.8349903551324,12
yodC,,,,0
yohC,7.216414789989455,0.516017322438583,704.3962381544018,12
yohD,7.941947942383147,0.10410142625076042,306.5565726028969,12
yohJK,6.735644691528715,0.34508290685001697,388.9864618326351,12
yojI,8.159268486977243,0.1004356728782747,366.3384419942399,10
ypdABC,6.646732730326885,0.7274344965097622,1858.328120137192,12
ypfG,8.38455915029504,0.24996728186705963,1023.0154156106685,9
ypfH,7.286925783169887,0.4259756761241059,968.7553323215583,12
ypfJ-tmcA,7.877070750908809,0.13129935592514216,356.1324227845388,11
yphFED,6.505380024099165,0.37688806294331795,286.28701772289344,11
yphG,6.2739618200845975,0.5430537306396489,354.9467572623703,12
yphH,7.235986204173997,0.10186578807536882,145.55598698151425,9
ypjB,,,,0
ypjD,7.883322452686733,0.08866554860318332,249.57085466841858,12
ypjM_1M_2,,,,0
ypjM_3-yfjU,7.196338075781702,0.1134672200534391,166.54129731447273,11
yqaBA,7.304055530785482,0.10534357735058557,150.2470604234377,11
yqaE-kbp,7.5680542682207905,0.15941612362240346,289.8029823958027,12
yqcE-ygcE,6.014557510982814,0.860418274901751,678.0199360752117,6
yqeH,7.571040144310337,0.17954147039256338,401.91067739302434,9
yqeIJ,6.317502108176206,0.20930530749831958,121.78481783893311,11
yqeK,6.707374345025175,0.24012927319829225,201.5496516996176,10
yqfA,,,,0
yqfB,,,,0
yqgA,6.6575417574253315,0.4117525109374454,428.54813986057815,12
yqgD,6.7051860800184455,0.16235394771802356,133.37908068800928,12
yqhH,6.081138380930729,0.5721860728537689,272.58076982396506,12
yqiJK,7.286764380026742,0.18234815464272697,306.1346685916176,12
yqjCDEK,8.34591635438633,0.2957185440928233,1139.1916550654394,12
yqjG,6.9152137077907065,0.24365940938808608,239.91197869411937,12
yqjH,7.529329874158615,0.3645622306515641,632.9519942387733,9
yqjI,7.03845028259134,0.23739147090877846,279.3973147082739,10
yraQ,7.0619376102960105,0.3398499228929789,358.4425357202644,7
yraR,6.8878416964346005,0.27597733933544377,254.3156537155024,11
yrbG-kdsDC-lptCAB-rpoN-hpf-ptsN-rapZ-npr,8.063185545113619,0.08638143981196704,282.32977556742367,10
yrbL,9.351082157984248,0.24290269148107732,2855.8670533553236,10
yrbN-deaD,6.855067521693765,0.2687438667491786,272.9893298163823,12
yrfF,8.220441942488648,0.04664697153342648,173.8737864722274,9
ysaA,,,,0
ysaB,,,,0
ysgA,7.581200705440744,0.19189402005841852,332.6851998647924,9
ytfB,8.027144628023718,0.13682950279894296,429.60543983002697,11
ytfE,6.927641525169353,0.34085173054772133,489.46256661883973,12
ytfF,7.373890283717091,0.1140412962333172,182.72433679842095,11
ytfI,5.990289496885033,0.1690896687754293,67.5628434095975,12
ytfL,7.029341499187377,0.4477554689379763,379.93422993691854,10
ytfQRT-yjfF,6.453237040936782,0.25919284503412554,178.65811197289747,12
ytjB-lplA,7.329241193504284,0.15577781394156393,256.27943176263443,12
yzgL,6.188437305009631,0.5077177870427069,417.7359189187827,10
zapC,8.700860998077607,0.1626928820671977,1179.510478053977,11
zapE,7.73511003778677,0.18602369014221504,503.4665458834497,9
zitB,7.175028828681759,0.36747671326356784,419.2473764858124,10
zntA,6.111108235514031,0.47700231001430876,237.8687094195329,12
znuA,9.069196564661006,1.1239672868633759,8577.389719495315,9
znuCB,7.946763372943924,0.6858287384512696,1563.2281493775529,10
zraSR,6.581381476417916,0.2904099292801535,257.4151346731561,12
zupT,8.065247607768901,0.10475069341131314,339.4290191746747,11
